step,wall_ns,manifolds,pairs,top_y,awake,void,colors,wide_colors,waves,g_ns,u_ns,r_ns,sys_sum_ns,disp_lane,worker_lane_max,sys_physics_integrate_ns,sys_physics_integrate_n,sys_physics_gather_ns,sys_physics_gather_n,sys_select_broadphase_ns,sys_select_broadphase_n,sys_physics_broadphase_ns,sys_physics_broadphase_n,sys_physics_narrowphase_ns,sys_physics_narrowphase_n,sys_physics_build_graph_ns,sys_physics_build_graph_n,sys_physics_solve_colored_ns,sys_physics_solve_colored_n,sys_physics_apply_ns,sys_physics_apply_n,phys_solve_build_ns,phys_solve_build_n,phys_gravity_ns,phys_gravity_n,phys_warm_apply_ns,phys_warm_apply_n,phys_integrate_ns,phys_integrate_n,phys_pass_biased_ns,phys_pass_biased_n,phys_pass_relax_ns,phys_pass_relax_n,phys_color_wide_ns,phys_color_wide_n,phys_color_narrow_ns,phys_color_narrow_n,phys_restitution_ns,phys_restitution_n,phys_store_ns,phys_store_n,phys_write_back_ns,phys_write_back_n,phys_sleep_begin_ns,phys_sleep_begin_n,phys_sleep_freeze_ns,phys_sleep_freeze_n,phys_sleep_end_ns,phys_sleep_end_n,phys_np_dispatch_ns,phys_np_dispatch_n,phys_np_compact_ns,phys_np_compact_n,phys_np_axis_commit_ns,phys_np_axis_commit_n,phys_slots_wide,phys_slots_wide_n,phys_slots_narrow,phys_slots_narrow_n,phys_np_pairs,phys_np_pairs_n,phys_np_manifolds,phys_np_manifolds_n,phys_np_points,phys_np_points_n,phys_bp_pairs,phys_bp_pairs_n,phys_np_chunks,phys_np_chunks_n
0,307100,16,31,30.998297,,0,2,0,0,66093,6583,751,241007,16,67,641,1,37272,1,210,1,4809,1,36521,1,30038,1,128990,1,2525,1,54506,1,1954,4,2705,4,3136,4,21732,4,37753,8,0,0,58734,24,170,1,361,1,90,1,0,0,0,0,0,0,0,0,0,0,0,0,0,1,64,1,31,1,16,1,64,1,31,1,0,1
1,140200,16,31,30.993937,,0,2,0,0,37992,761,531,102208,16,67,170,1,9659,1,50,1,751,1,17223,1,1383,1,72601,1,371,1,9879,1,291,4,2565,4,1523,4,19718,4,37553,8,0,0,56740,24,70,1,150,1,90,1,0,0,0,0,0,0,0,0,0,0,0,0,0,1,64,1,31,1,16,1,64,1,31,1,0,1
2,107900,16,31,30.987455,,0,2,0,0,23877,581,2194,84023,16,67,70,1,802,1,40,1,691,1,16582,1,972,1,64565,1,301,1,1753,1,311,4,2385,4,1393,4,19428,4,38404,8,0,0,55638,24,120,1,140,1,50,1,0,0,0,0,0,0,0,0,0,0,0,0,0,1,63,1,31,1,16,1,63,1,31,1,0,1
3,99100,16,31,30.97999,,0,2,0,0,18373,431,561,80727,16,67,20,1,601,1,10,1,541,1,15490,1,832,1,62952,1,281,1,1793,1,271,4,2475,4,1353,4,19167,4,37172,8,0,0,55778,24,90,1,130,1,70,1,0,0,0,0,0,0,0,0,0,0,0,0,0,1,64,1,31,1,16,1,64,1,31,1,0,1
4,97100,16,31,30.972979,,0,2,0,0,17235,481,491,79865,16,67,40,1,591,1,20,1,541,1,15230,1,661,1,62491,1,291,1,1743,1,261,4,2405,4,1303,4,19077,4,37002,8,0,0,55588,24,70,1,110,1,40,1,0,0,0,0,0,0,0,0,0,0,0,0,0,1,64,1,31,1,16,1,64,1,31,1,0,1
5,99900,16,31,30.966393,,0,2,0,0,18662,661,501,81238,16,67,10,1,601,1,30,1,511,1,17143,1,651,1,61970,1,321,1,1693,1,150,4,2385,4,1393,4,18897,4,36621,8,0,0,55017,24,50,1,80,1,40,1,0,0,0,0,0,0,0,0,0,0,0,0,0,1,64,1,31,1,16,1,64,1,31,1,0,1
6,97900,16,31,30.961182,,0,2,0,0,18947,511,441,78953,16,67,40,1,581,1,10,1,491,1,14448,1,671,1,62411,1,301,1,1543,1,281,4,2405,4,1272,4,19047,4,37182,8,0,0,55788,24,40,1,90,1,40,1,0,0,0,0,0,0,0,0,0,0,0,0,0,1,64,1,31,1,16,1,64,1,31,1,0,1
7,102500,16,31,30.955942,,0,2,0,0,21753,1994,571,80747,16,67,40,1,601,1,10,1,581,1,13747,1,631,1,64876,1,261,1,1583,1,190,4,2365,4,1293,4,19608,4,37683,8,0,0,56720,24,40,1,80,1,40,1,0,0,0,0,0,0,0,0,0,0,0,0,0,1,64,1,31,1,16,1,64,1,31,1,0,1
8,97000,16,31,30.950468,,0,2,0,0,18598,481,501,78402,16,67,60,1,661,1,20,1,501,1,13576,1,641,1,62692,1,250,1,1643,1,220,4,2435,4,1303,4,19247,4,37202,8,0,0,55948,24,40,1,80,1,40,1,0,0,0,0,0,0,0,0,0,0,0,0,0,1,64,1,31,1,16,1,64,1,31,1,0,1
9,93300,16,31,30.945265,,0,2,0,0,15579,481,521,77721,16,67,20,1,581,1,20,1,491,1,13626,1,711,1,62020,1,250,1,1573,1,190,4,2395,4,1333,4,19007,4,36882,8,0,0,55367,24,30,1,80,1,50,1,0,0,0,0,0,0,0,0,0,0,0,0,0,1,64,1,31,1,16,1,64,1,31,1,0,1
10,92400,16,31,30.941706,,0,2,0,0,18316,1784,451,74084,16,67,30,1,581,1,30,1,491,1,13246,1,641,1,58864,1,200,1,1483,1,240,4,2264,4,1222,4,17995,4,33745,8,0,0,51289,24,30,1,70,1,30,1,0,0,0,0,0,0,0,0,0,0,0,0,0,1,64,1,31,1,16,1,64,1,31,1,0,1
11,78200,16,31,30.939552,,0,2,0,0,16581,451,391,61619,16,67,20,1,521,1,20,1,401,1,10330,1,501,1,49606,1,220,1,1152,1,130,4,1914,4,1032,4,15169,4,29617,8,0,0,44395,24,50,1,60,1,30,1,0,0,0,0,0,0,0,0,0,0,0,0,0,1,64,1,31,1,16,1,64,1,31,1,0,1
12,79400,16,31,30.9381,,0,2,0,0,16218,1843,401,63182,16,67,30,1,481,1,20,1,401,1,10220,1,531,1,51299,1,200,1,1132,1,571,4,1904,4,1052,4,15240,4,29407,8,0,0,44245,24,40,1,70,1,40,1,0,0,0,0,0,0,0,0,0,0,0,0,0,1,64,1,31,1,16,1,64,1,31,1,0,1
13,78100,16,31,30.937513,,0,2,0,0,16551,421,411,61549,16,67,40,1,491,1,10,1,401,1,10290,1,511,1,49606,1,200,1,1192,1,140,4,1954,4,1082,4,15159,4,29517,8,0,0,44266,24,50,1,60,1,30,1,0,0,0,0,0,0,0,0,0,0,0,0,0,1,64,1,31,1,16,1,64,1,31,1,0,1
14,78200,16,31,30.937351,,0,2,0,0,16350,451,391,61850,16,67,40,1,491,1,20,1,371,1,10481,1,511,1,49666,1,271,1,1132,1,130,4,1924,4,1022,4,15209,4,29668,8,0,0,44486,24,40,1,60,1,30,1,0,0,0,0,0,0,0,0,0,0,0,0,0,1,64,1,31,1,16,1,64,1,31,1,0,1
15,78600,16,31,30.937284,,0,2,0,0,17221,411,372,61379,16,67,30,1,501,1,10,1,401,1,10410,1,531,1,49255,1,240,1,1152,1,140,4,1894,4,1032,4,15069,4,29417,8,0,0,44115,24,50,1,60,1,30,1,0,0,0,0,0,0,0,0,0,0,0,0,0,1,64,1,31,1,16,1,64,1,31,1,0,1
16,78700,16,31,30.937271,,0,2,0,0,16880,441,371,61820,16,67,40,1,501,1,10,1,401,1,10461,1,531,1,49676,1,200,1,1092,1,261,4,1914,4,1112,4,15120,4,29607,8,0,0,44356,24,30,1,60,1,40,1,0,0,0,0,0,0,0,0,0,0,0,0,0,1,64,1,31,1,16,1,64,1,31,1,0,1
17,82400,16,31,30.93684,,0,2,0,0,20871,451,401,61529,16,67,40,1,501,1,10,1,391,1,10190,1,561,1,49586,1,250,1,1112,1,170,4,1934,4,1092,4,15159,4,29537,8,0,0,44296,24,40,1,60,1,30,1,0,0,0,0,0,0,0,0,0,0,0,0,0,1,64,1,31,1,16,1,64,1,31,1,0,1
18,84200,16,31,30.93567,,0,2,0,0,22270,431,390,61930,16,67,90,1,481,1,10,1,391,1,10140,1,541,1,50047,1,230,1,1122,1,130,4,1934,4,1022,4,15390,4,29888,8,0,0,44887,24,40,1,60,1,30,1,0,0,0,0,0,0,0,0,0,0,0,0,0,1,64,1,31,1,16,1,64,1,31,1,0,1
19,79600,16,31,30.934578,,0,2,0,0,17339,441,392,62261,16,67,50,1,491,1,20,1,451,1,10200,1,591,1,50247,1,210,1,1162,1,250,4,1934,4,1062,4,15220,4,30008,8,0,0,44836,24,70,1,60,1,40,1,0,0,0,0,0,0,0,0,0,0,0,0,0,1,64,1,31,1,16,1,64,1,31,1,0,1
20,81800,16,31,30.933569,,0,2,0,0,20401,451,362,61399,16,67,40,1,461,1,30,1,421,1,10180,1,551,1,49396,1,321,1,1132,1,170,4,1904,4,1012,4,15029,4,29577,8,0,0,44245,24,30,1,60,1,30,1,0,0,0,0,0,0,0,0,0,0,0,0,0,1,64,1,31,1,16,1,64,1,31,1,0,1
21,81900,16,31,30.93225,,0,2,0,0,20681,421,431,61219,16,67,40,1,471,1,20,1,391,1,10280,1,541,1,49266,1,210,1,1142,1,170,4,1904,4,1012,4,15069,4,29427,8,0,0,44065,24,30,1,60,1,30,1,0,0,0,0,0,0,0,0,0,0,0,0,0,1,64,1,31,1,16,1,64,1,31,1,0,1
22,78800,16,31,30.930666,,0,2,0,0,17341,461,381,61459,16,67,30,1,501,1,30,1,431,1,10270,1,511,1,49406,1,281,1,1062,1,160,4,1914,4,1032,4,15090,4,29557,8,0,0,44266,24,30,1,70,1,30,1,0,0,0,0,0,0,0,0,0,0,0,0,0,1,64,1,31,1,16,1,64,1,31,1,0,1
23,78800,16,31,30.929638,,0,2,0,0,17631,411,391,61169,16,67,40,1,501,1,20,1,391,1,10160,1,501,1,49356,1,200,1,1032,1,200,4,1934,4,1042,4,15079,4,29517,8,0,0,44205,24,50,1,60,1,30,1,0,0,0,0,0,0,0,0,0,0,0,0,0,1,64,1,31,1,16,1,64,1,31,1,0,1
24,77900,16,31,30.929274,,0,2,0,0,16431,461,371,61469,16,67,50,1,491,1,20,1,401,1,10200,1,581,1,49516,1,210,1,1052,1,230,4,1904,4,1092,4,15089,4,29558,8,0,0,44276,24,30,1,60,1,40,1,0,0,0,0,0,0,0,0,0,0,0,0,0,1,64,1,31,1,16,1,64,1,31,1,0,1
25,77500,16,31,30.929083,,0,2,0,0,16121,451,371,61379,16,67,50,1,501,1,20,1,391,1,10410,1,551,1,49245,1,210,1,1052,1,130,4,1944,4,1062,4,15069,4,29407,8,0,0,44105,24,30,1,70,1,30,1,0,0,0,0,0,0,0,0,0,0,0,0,0,1,64,1,31,1,16,1,64,1,31,1,0,1
26,78200,16,31,30.928932,,0,2,0,0,16490,451,361,61710,16,67,50,1,511,1,10,1,391,1,10270,1,581,1,49686,1,210,1,1172,1,180,4,1924,4,1012,4,15129,4,29647,8,0,0,44416,24,70,1,60,1,40,1,0,0,0,0,0,0,0,0,0,0,0,0,0,1,64,1,31,1,16,1,64,1,31,1,0,1
27,77700,16,31,30.929287,,0,2,0,0,16321,421,431,61379,16,67,40,1,501,1,30,1,401,1,10070,1,541,1,49596,1,200,1,1102,1,230,4,1924,4,1082,4,15069,4,29617,8,0,0,44256,24,50,1,60,1,40,1,0,0,0,0,0,0,0,0,0,0,0,0,0,1,64,1,31,1,16,1,64,1,31,1,0,1
28,77400,16,31,30.929544,,0,2,0,0,16492,441,371,60908,16,67,40,1,481,1,20,1,391,1,10140,1,511,1,49125,1,200,1,1042,1,190,4,1904,4,1042,4,14999,4,29377,8,0,0,44005,24,40,1,60,1,30,1,0,0,0,0,0,0,0,0,0,0,0,0,0,1,64,1,31,1,16,1,64,1,31,1,0,1
29,77900,16,31,30.929623,,0,2,0,0,16731,461,401,61169,16,67,30,1,481,1,10,1,401,1,10049,1,501,1,49486,1,210,1,1012,1,180,4,1914,4,1072,4,15019,4,29647,8,0,0,44265,24,40,1,100,1,40,1,0,0,0,0,0,0,0,0,0,0,0,0,0,1,64,1,31,1,16,1,64,1,31,1,0,1
30,77300,16,31,30.929613,,0,2,0,0,16622,481,382,60678,16,67,40,1,481,1,10,1,401,1,9919,1,551,1,49065,1,210,1,982,1,180,4,1924,4,1012,4,14959,4,29397,8,0,0,43974,24,40,1,60,1,30,1,0,0,0,0,0,0,0,0,0,0,0,0,0,1,64,1,31,1,16,1,64,1,31,1,0,1
31,77600,16,31,30.929571,,0,2,0,0,16672,491,411,60928,16,67,40,1,471,1,10,1,391,1,9799,1,531,1,49456,1,230,1,1042,1,240,4,1914,4,1062,4,15009,4,29557,8,0,0,44155,24,50,1,70,1,20,1,0,0,0,0,0,0,0,0,0,0,0,0,0,1,64,1,31,1,16,1,64,1,31,1,0,1
32,78100,16,31,30.929502,,0,2,0,0,17001,451,361,61099,16,67,30,1,511,1,20,1,411,1,9960,1,491,1,49456,1,220,1,1022,1,230,4,1924,4,1102,4,15009,4,29587,8,0,0,44235,24,30,1,70,1,30,1,0,0,0,0,0,0,0,0,0,0,0,0,0,1,64,1,31,1,16,1,64,1,31,1,0,1
33,77900,16,31,30.92943,,0,2,0,0,16531,441,411,61369,16,67,40,1,511,1,20,1,401,1,9919,1,531,1,49736,1,210,1,1072,1,140,4,1924,4,1132,4,15119,4,29768,8,0,0,44476,24,30,1,70,1,40,1,0,0,0,0,0,0,0,0,0,0,0,0,0,1,64,1,31,1,16,1,64,1,31,1,0,1
34,78100,16,31,30.929382,,0,2,0,0,16671,471,421,61429,16,67,30,1,511,1,20,1,391,1,9959,1,521,1,49797,1,200,1,1052,1,180,4,1964,4,1012,4,15159,4,29798,8,0,0,44536,24,60,1,60,1,40,1,0,0,0,0,0,0,0,0,0,0,0,0,0,1,64,1,31,1,16,1,64,1,31,1,0,1
35,77900,16,31,30.929228,,0,2,0,0,16671,411,441,61229,16,67,40,1,491,1,10,1,401,1,9939,1,531,1,49616,1,200,1,1042,1,210,4,1954,4,1072,4,15169,4,29627,8,0,0,44356,24,40,1,60,1,30,1,0,0,0,0,0,0,0,0,0,0,0,0,0,1,64,1,31,1,16,1,64,1,31,1,0,1
36,78400,16,31,30.929045,,0,2,0,0,16871,421,421,61529,16,67,40,1,491,1,10,1,391,1,9939,1,521,1,49937,1,200,1,1062,1,240,4,1934,4,1062,4,15209,4,29838,8,0,0,44626,24,70,1,70,1,30,1,0,0,0,0,0,0,0,0,0,0,0,0,0,1,64,1,31,1,16,1,64,1,31,1,0,1
37,77300,16,31,30.928888,,0,2,0,0,16602,451,392,60698,16,67,30,1,461,1,20,1,401,1,9789,1,511,1,49286,1,200,1,982,1,150,4,1944,4,1022,4,15069,4,29507,8,0,0,44185,24,40,1,100,1,20,1,0,0,0,0,0,0,0,0,0,0,0,0,0,1,64,1,31,1,16,1,64,1,31,1,0,1
38,78200,16,31,30.928791,,0,2,0,0,16891,461,371,61309,16,67,40,1,491,1,10,1,401,1,10240,1,511,1,49416,1,200,1,1102,1,170,4,1954,4,1032,4,15089,4,29477,8,0,0,44195,24,30,1,60,1,40,1,0,0,0,0,0,0,0,0,0,0,0,0,0,1,64,1,31,1,16,1,64,1,31,1,0,1
39,77900,16,31,30.928593,,0,2,0,0,16351,531,352,61549,16,67,10,1,461,1,20,1,421,1,10130,1,521,1,49777,1,210,1,1082,1,261,4,1924,4,1062,4,15130,4,29657,8,0,0,44436,24,40,1,60,1,30,1,0,0,0,0,0,0,0,0,0,0,0,0,0,1,64,1,31,1,16,1,64,1,31,1,0,1
40,78400,16,31,30.92856,,0,2,0,0,17141,451,421,61259,16,67,40,1,471,1,20,1,401,1,9899,1,601,1,49606,1,220,1,1062,1,250,4,1924,4,1072,4,15099,4,29627,8,0,0,44306,24,30,1,60,1,30,1,0,0,0,0,0,0,0,0,0,0,0,0,0,1,64,1,31,1,16,1,64,1,31,1,0,1
41,78200,16,31,30.928392,,0,2,0,0,16951,441,372,61249,16,67,40,1,471,1,20,1,401,1,9979,1,501,1,49626,1,210,1,1052,1,200,4,1934,4,1092,4,15060,4,29718,8,0,0,44405,24,30,1,60,1,40,1,0,0,0,0,0,0,0,0,0,0,0,0,0,1,64,1,31,1,16,1,64,1,31,1,0,1
42,77900,16,31,30.928114,,0,2,0,0,16481,431,391,61419,16,67,50,1,471,1,10,1,401,1,10019,1,551,1,49706,1,210,1,1032,1,190,4,1964,4,1032,4,15119,4,29778,8,0,0,44506,24,60,1,60,1,40,1,0,0,0,0,0,0,0,0,0,0,0,0,0,1,64,1,31,1,16,1,64,1,31,1,0,1
43,77300,16,31,30.927925,,0,2,0,0,16692,501,381,60608,16,67,50,1,471,1,10,1,401,1,9809,1,501,1,49155,1,210,1,942,1,130,4,1924,4,1042,4,15019,4,29477,8,0,0,44115,24,30,1,60,1,30,1,0,0,0,0,0,0,0,0,0,0,0,0,0,1,64,1,31,1,16,1,64,1,31,1,0,1
44,77900,16,31,30.927853,,0,2,0,0,16641,431,451,61259,16,67,30,1,481,1,10,1,431,1,10180,1,561,1,49356,1,210,1,1062,1,140,4,1924,4,1042,4,15059,4,29587,8,0,0,44196,24,30,1,50,1,30,1,0,0,0,0,0,0,0,0,0,0,0,0,0,1,64,1,31,1,16,1,64,1,31,1,0,1
45,77400,16,31,30.927887,,0,2,0,0,16472,462,421,60928,16,67,90,1,471,1,10,1,401,1,10060,1,501,1,49185,1,210,1,972,1,150,4,1944,4,1032,4,15039,4,29457,8,0,0,44075,24,40,1,60,1,30,1,0,0,0,0,0,0,0,0,0,0,0,0,0,1,64,1,31,1,16,1,64,1,31,1,0,1
46,77300,16,31,30.927992,,0,2,0,0,16562,461,421,60738,16,67,40,1,481,1,10,1,391,1,9859,1,551,1,49195,1,210,1,992,1,150,4,1924,4,1032,4,15049,4,29447,8,0,0,44075,24,50,1,60,1,30,1,0,0,0,0,0,0,0,0,0,0,0,0,0,1,64,1,31,1,16,1,64,1,31,1,0,1
47,77600,16,31,30.928127,,0,2,0,0,16822,431,401,60778,16,67,40,1,491,1,10,1,381,1,9819,1,511,1,49316,1,210,1,1052,1,140,4,1924,4,1032,4,15039,4,29577,8,0,0,44215,24,30,1,60,1,30,1,0,0,0,0,0,0,0,0,0,0,0,0,0,1,64,1,31,1,16,1,64,1,31,1,0,1
48,77500,16,31,30.928253,,0,2,0,0,16532,431,391,60968,16,67,30,1,491,1,20,1,401,1,10039,1,541,1,49235,1,210,1,1052,1,160,4,1964,4,1022,4,15049,4,29437,8,0,0,44095,24,30,1,60,1,30,1,0,0,0,0,0,0,0,0,0,0,0,0,0,1,64,1,31,1,16,1,64,1,31,1,0,1
49,78100,16,31,30.928333,,0,2,0,0,16621,441,442,61479,16,67,30,1,491,1,20,1,401,1,9879,1,521,1,49917,1,220,1,1072,1,180,4,1924,4,1102,4,15190,4,29868,8,0,0,44616,24,40,1,60,1,40,1,0,0,0,0,0,0,0,0,0,0,0,0,0,1,64,1,31,1,16,1,64,1,31,1,0,1
50,78300,16,31,30.9281,,0,2,0,0,16751,471,391,61549,16,67,30,1,481,1,10,1,391,1,10090,1,501,1,49847,1,200,1,1032,1,190,4,1934,4,1032,4,15159,4,29878,8,0,0,44646,24,60,1,60,1,30,1,0,0,0,0,0,0,0,0,0,0,0,0,0,1,64,1,31,1,16,1,64,1,31,1,0,1
51,78400,16,31,30.927444,,0,2,0,0,16821,461,361,61579,16,67,30,1,481,1,10,1,391,1,10320,1,531,1,49606,1,210,1,1032,1,210,4,1914,4,1042,4,15099,4,29728,8,0,0,44466,24,30,1,60,1,30,1,0,0,0,0,0,0,0,0,0,0,0,0,0,1,64,1,31,1,16,1,64,1,31,1,0,1
52,162400,16,31,30.926378,,0,2,0,0,93096,621,481,69304,16,67,70,1,882,1,110,1,621,1,14879,1,1242,1,51169,1,331,1,1803,1,240,4,2074,4,1222,4,15310,4,29597,8,0,0,44426,24,70,1,150,1,80,1,0,0,0,0,0,0,0,0,0,0,0,0,0,1,64,1,31,1,16,1,64,1,31,1,0,1
53,83700,16,31,30.925331,,0,2,0,0,18944,540,382,64756,16,67,80,1,571,1,30,1,561,1,12865,1,792,1,49636,1,220,1,1172,1,150,4,1954,4,1012,4,15090,4,29467,8,0,0,44175,24,100,1,110,1,40,1,0,0,0,0,0,0,0,0,0,0,0,0,0,1,64,1,31,1,16,1,64,1,31,1,0,1
54,82800,16,31,30.92499,,0,2,0,0,20199,411,410,62601,16,67,90,1,501,1,20,1,471,1,11071,1,621,1,49586,1,240,1,1162,1,130,4,1934,4,1022,4,15059,4,29627,8,0,0,44276,24,80,1,100,1,60,1,0,0,0,0,0,0,0,0,0,0,0,0,0,1,64,1,31,1,16,1,64,1,31,1,0,1
55,86200,16,31,30.925077,,0,2,0,0,20553,510,421,65647,16,67,90,1,852,1,10,1,601,1,12324,1,902,1,50498,1,371,1,1543,1,170,4,1974,4,1112,4,15380,4,29568,8,0,0,44526,24,70,1,120,1,50,1,0,0,0,0,0,0,0,0,0,0,0,0,0,1,64,1,31,1,16,1,64,1,31,1,0,1
56,78300,16,31,30.925375,,0,2,0,0,16721,461,451,61579,16,67,40,1,531,1,10,1,431,1,10360,1,581,1,49406,1,220,1,1172,1,120,4,1954,4,1032,4,15099,4,29437,8,0,0,44085,24,30,1,70,1,30,1,0,0,0,0,0,0,0,0,0,0,0,0,0,1,64,1,31,1,16,1,64,1,31,1,0,1
57,78000,16,31,30.925789,,0,2,0,0,16661,531,411,61339,16,67,40,1,491,1,20,1,381,1,10270,1,541,1,49376,1,220,1,1082,1,130,4,1924,4,1052,4,15049,4,29477,8,0,0,44115,24,30,1,70,1,30,1,0,0,0,0,0,0,0,0,0,0,0,0,0,1,64,1,31,1,16,1,64,1,31,1,0,1
58,77900,16,31,30.926228,,0,2,0,0,16691,451,451,61209,16,67,40,1,521,1,10,1,391,1,9949,1,561,1,49536,1,200,1,1092,1,180,4,1924,4,1042,4,15089,4,29627,8,0,0,44266,24,30,1,70,1,30,1,0,0,0,0,0,0,0,0,0,0,0,0,0,1,64,1,31,1,16,1,64,1,31,1,0,1
59,77800,16,31,30.926554,,0,2,0,0,16491,441,421,61309,16,67,40,1,471,1,20,1,401,1,9879,1,521,1,49777,1,200,1,1022,1,230,4,1923,4,1062,4,15139,4,29798,8,0,0,44516,24,60,1,60,1,40,1,0,0,0,0,0,0,0,0,0,0,0,0,0,1,64,1,31,1,16,1,64,1,31,1,0,1
60,77500,16,31,30.926756,,0,2,0,0,16121,501,412,61379,16,67,40,1,481,1,20,1,391,1,10009,1,521,1,49716,1,200,1,1072,1,210,4,1914,4,1062,4,15129,4,29668,8,0,0,44385,24,60,1,70,1,30,1,0,0,0,0,0,0,0,0,0,0,0,0,0,1,64,1,31,1,16,1,64,1,31,1,0,1
61,77400,16,31,30.926863,,0,2,0,0,16241,421,431,61159,16,67,40,1,471,1,20,1,391,1,10130,1,531,1,49376,1,200,1,1032,1,150,4,1944,4,1032,4,15089,4,29567,8,0,0,44225,24,30,1,60,1,50,1,0,0,0,0,0,0,0,0,0,0,0,0,0,1,64,1,31,1,16,1,64,1,31,1,0,1
62,78800,16,31,30.926922,,0,2,0,0,17501,451,451,61299,16,67,40,1,491,1,20,1,391,1,9999,1,511,1,49626,1,220,1,1002,1,220,4,1934,4,1032,4,15109,4,29718,8,0,0,44375,24,30,1,100,1,30,1,0,0,0,0,0,0,0,0,0,0,0,0,0,1,64,1,31,1,16,1,64,1,31,1,0,1
63,77900,16,31,30.926954,,0,2,0,0,16731,461,421,61169,16,67,80,1,491,1,30,1,401,1,9969,1,541,1,49456,1,200,1,1002,1,180,4,1934,4,1062,4,15109,4,29577,8,0,0,44266,24,40,1,60,1,30,1,0,0,0,0,0,0,0,0,0,0,0,0,0,1,64,1,31,1,16,1,64,1,31,1,0,1
64,77800,16,31,30.927002,,0,2,0,0,16591,481,382,61209,16,67,40,1,481,1,10,1,401,1,9769,1,511,1,49797,1,200,1,972,1,250,4,1964,4,1052,4,15149,4,29787,8,0,0,44555,24,30,1,60,1,50,1,0,0,0,0,0,0,0,0,0,0,0,0,0,1,64,1,31,1,16,1,64,1,31,1,0,1
65,77400,16,31,30.92709,,0,2,0,0,16452,461,381,60948,16,67,50,1,481,1,20,1,401,1,9609,1,551,1,49636,1,200,1,1012,1,180,4,1954,4,1082,4,15049,4,29757,8,0,0,44426,24,40,1,60,1,40,1,0,0,0,0,0,0,0,0,0,0,0,0,0,1,64,1,31,1,16,1,64,1,31,1,0,1
66,77100,16,31,30.927208,,0,2,0,0,16422,471,411,60678,16,67,50,1,511,1,20,1,391,1,9729,1,511,1,49255,1,210,1,962,1,130,4,1924,4,1032,4,15049,4,29557,8,0,0,44195,24,40,1,60,1,30,1,0,0,0,0,0,0,0,0,0,0,0,0,0,1,64,1,31,1,16,1,64,1,31,1,0,1
67,77200,16,31,30.927341,,0,2,0,0,16102,471,391,61098,16,67,40,1,481,1,10,1,391,1,9709,1,521,1,49746,1,200,1,982,1,230,4,1944,4,1052,4,15139,4,29768,8,0,0,44516,24,70,1,60,1,30,1,0,0,0,0,0,0,0,0,0,0,0,0,0,1,64,1,31,1,16,1,64,1,31,1,0,1
68,77700,16,31,30.927475,,0,2,0,0,16662,491,372,61038,16,67,50,1,481,1,10,1,401,1,9759,1,541,1,49596,1,200,1,1032,1,250,4,1924,4,1042,4,15049,4,29688,8,0,0,44365,24,30,1,60,1,30,1,0,0,0,0,0,0,0,0,0,0,0,0,0,1,64,1,31,1,16,1,64,1,31,1,0,1
69,77600,16,31,30.927597,,0,2,0,0,16601,491,421,60999,16,67,40,1,481,1,20,1,391,1,9629,1,541,1,49666,1,230,1,1032,1,190,4,1904,4,1072,4,15069,4,29738,8,0,0,44386,24,40,1,100,1,30,1,0,0,0,0,0,0,0,0,0,0,0,0,0,1,64,1,31,1,16,1,64,1,31,1,0,1
70,78100,16,31,30.927702,,0,2,0,0,17162,411,441,60938,16,67,40,1,501,1,20,1,401,1,9669,1,551,1,49536,1,220,1,1022,1,200,4,1934,4,1012,4,15099,4,29668,8,0,0,44325,24,50,1,110,1,30,1,0,0,0,0,0,0,0,0,0,0,0,0,0,1,64,1,31,1,16,1,64,1,31,1,0,1
71,77300,16,31,30.92779,,0,2,0,0,16482,491,412,60818,16,67,50,1,461,1,10,1,391,1,9779,1,511,1,49406,1,210,1,1002,1,120,4,1944,4,1032,4,15109,4,29577,8,0,0,44275,24,30,1,70,1,30,1,0,0,0,0,0,0,0,0,0,0,0,0,0,1,64,1,31,1,16,1,64,1,31,1,0,1
72,77500,16,31,30.927893,,0,2,0,0,16521,441,481,60979,16,67,40,1,501,1,20,1,391,1,9619,1,511,1,49677,1,220,1,972,1,240,4,1934,4,1092,4,15139,4,29718,8,0,0,44376,24,30,1,60,1,50,1,0,0,0,0,0,0,0,0,0,0,0,0,0,1,64,1,31,1,16,1,64,1,31,1,0,1
73,76800,16,31,30.928001,,0,2,0,0,16032,461,411,60768,16,67,40,1,461,1,20,1,401,1,9619,1,511,1,49516,1,200,1,992,1,160,4,1934,4,1092,4,15079,4,29647,8,0,0,44315,24,40,1,60,1,50,1,0,0,0,0,0,0,0,0,0,0,0,0,0,1,64,1,31,1,16,1,64,1,31,1,0,1
74,77300,16,31,30.928091,,0,2,0,0,16512,431,391,60788,16,67,40,1,491,1,20,1,401,1,9579,1,531,1,49516,1,210,1,1012,1,190,4,1934,4,1022,4,15109,4,29698,8,0,0,44416,24,30,1,60,1,30,1,0,0,0,0,0,0,0,0,0,0,0,0,0,1,64,1,31,1,16,1,64,1,31,1,0,1
75,76700,16,31,30.928165,,0,2,0,0,16042,471,391,60658,16,67,40,1,471,1,10,1,401,1,9709,1,581,1,49245,1,200,1,1002,1,150,4,1934,4,1042,4,15039,4,29497,8,0,0,44145,24,30,1,60,1,20,1,0,0,0,0,0,0,0,0,0,0,0,0,0,1,64,1,31,1,16,1,64,1,31,1,0,1
76,81200,16,31,30.92823,,0,2,0,0,20412,431,392,60788,16,67,40,1,471,1,10,1,401,1,9579,1,521,1,49235,1,531,1,1062,1,150,4,1914,4,1012,4,15069,4,29467,8,0,0,44144,24,30,1,70,1,30,1,0,0,0,0,0,0,0,0,0,0,0,0,0,1,64,1,31,1,16,1,64,1,31,1,0,1
77,77000,16,31,30.928284,,0,2,0,0,16463,421,412,60537,16,67,40,1,521,1,20,1,391,1,9679,1,491,1,49185,1,210,1,1042,1,150,4,1934,4,1052,4,15019,4,29447,8,0,0,44054,24,30,1,60,1,30,1,0,0,0,0,0,0,0,0,0,0,0,0,0,1,64,1,31,1,16,1,64,1,31,1,0,1
78,77400,16,31,30.928331,,0,2,0,0,16883,421,471,60517,16,67,30,1,491,1,10,1,411,1,9619,1,551,1,49185,1,220,1,972,1,150,4,1904,4,1032,4,15119,4,29457,8,0,0,44105,24,30,1,70,1,30,1,0,0,0,0,0,0,0,0,0,0,0,0,0,1,64,1,31,1,16,1,64,1,31,1,0,1
79,76900,16,31,30.928377,,0,2,0,0,16353,431,451,60547,16,67,90,1,511,1,10,1,391,1,9619,1,511,1,49195,1,220,1,1002,1,130,4,1934,4,1032,4,15049,4,29497,8,0,0,44095,24,30,1,60,1,30,1,0,0,0,0,0,0,0,0,0,0,0,0,0,1,64,1,31,1,16,1,64,1,31,1,0,1
80,77200,16,31,30.928423,,0,2,0,0,16603,481,431,60597,16,67,40,1,511,1,20,1,391,1,9619,1,521,1,49296,1,200,1,1012,1,140,4,1914,4,1002,4,15069,4,29557,8,0,0,44195,24,30,1,60,1,30,1,0,0,0,0,0,0,0,0,0,0,0,0,0,1,64,1,31,1,16,1,64,1,31,1,0,1
81,77100,16,31,30.928469,,0,2,0,0,16703,421,421,60397,16,67,40,1,481,1,10,1,391,1,9538,1,541,1,49185,1,210,1,972,1,160,4,1923,4,1012,4,15019,4,29547,8,0,0,44145,24,40,1,60,1,30,1,0,0,0,0,0,0,0,0,0,0,0,0,0,1,64,1,31,1,16,1,64,1,31,1,0,1
82,77300,16,31,30.928514,,0,2,0,0,16893,501,412,60407,16,67,50,1,481,1,10,1,391,1,9508,1,551,1,49215,1,200,1,1022,1,130,4,1954,4,1012,4,15039,4,29437,8,0,0,44065,24,30,1,60,1,30,1,0,0,0,0,0,0,0,0,0,0,0,0,0,1,64,1,31,1,16,1,64,1,31,1,0,1
83,82500,16,31,30.92856,,0,2,0,0,21973,471,412,60527,16,67,50,1,471,1,10,1,401,1,9549,1,511,1,49306,1,230,1,982,1,140,4,1924,4,1022,4,15129,4,29507,8,0,0,44225,24,30,1,60,1,40,1,0,0,0,0,0,0,0,0,0,0,0,0,0,1,64,1,31,1,16,1,64,1,31,1,0,1
84,78200,16,31,30.92856,,0,2,0,0,17392,511,531,60808,16,67,10,1,501,1,10,1,401,1,9538,1,511,1,49616,1,220,1,1082,1,180,4,1964,4,1022,4,15089,4,29637,8,0,0,44195,24,40,1,60,1,30,1,0,0,0,0,0,0,0,0,0,0,0,0,0,1,64,1,31,1,16,1,64,1,31,1,0,1
85,77300,16,31,30.928604,,0,2,0,0,16562,471,411,60738,16,67,100,1,471,1,10,1,411,1,9538,1,511,1,49466,1,230,1,952,1,200,4,1954,4,1052,4,15059,4,29607,8,0,0,44255,24,40,1,100,1,30,1,0,0,0,0,0,0,0,0,0,0,0,0,0,1,64,1,31,1,16,1,64,1,31,1,0,1
86,78100,16,31,30.928648,,0,2,0,0,17382,491,421,60718,16,67,40,1,471,1,30,1,401,1,9458,1,541,1,49576,1,200,1,1052,1,160,4,1934,4,1042,4,15069,4,29688,8,0,0,44336,24,50,1,60,1,30,1,0,0,0,0,0,0,0,0,0,0,0,0,0,1,64,1,31,1,16,1,64,1,31,1,0,1
87,77700,16,31,30.928686,,0,2,0,0,16832,471,431,60868,16,67,40,1,461,1,20,1,401,1,9508,1,511,1,49716,1,210,1,1012,1,230,4,1944,4,1082,4,15139,4,29698,8,0,0,44406,24,30,1,70,1,40,1,0,0,0,0,0,0,0,0,0,0,0,0,0,1,64,1,31,1,16,1,64,1,31,1,0,1
88,77700,16,31,30.928717,,0,2,0,0,16902,461,422,60798,16,67,40,1,481,1,10,1,401,1,9478,1,521,1,49656,1,210,1,1012,1,240,4,1954,4,1092,4,15099,4,29657,8,0,0,44335,24,40,1,70,1,30,1,0,0,0,0,0,0,0,0,0,0,0,0,0,1,64,1,31,1,16,1,64,1,31,1,0,1
89,77100,16,31,30.928747,,0,2,0,0,16693,471,391,60407,16,67,40,1,481,1,20,1,391,1,9498,1,511,1,49255,1,210,1,972,1,160,4,1924,4,1042,4,15029,4,29517,8,0,0,44155,24,50,1,60,1,30,1,0,0,0,0,0,0,0,0,0,0,0,0,0,1,64,1,31,1,16,1,64,1,31,1,0,1
90,80800,16,31,30.928692,,0,2,0,0,20313,421,421,60487,16,67,30,1,501,1,10,1,401,1,9549,1,511,1,49266,1,220,1,1022,1,160,4,1914,4,1012,4,15059,4,29547,8,0,0,44185,24,30,1,70,1,30,1,0,0,0,0,0,0,0,0,0,0,0,0,0,1,64,1,31,1,16,1,64,1,31,1,0,1
91,78000,16,31,30.928452,,0,2,0,0,17142,471,402,60858,16,67,30,1,491,1,10,1,391,1,9729,1,501,1,49506,1,200,1,1042,1,210,4,1924,4,1072,4,15089,4,29567,8,0,0,44255,24,30,1,60,1,40,1,0,0,0,0,0,0,0,0,0,0,0,0,0,1,64,1,31,1,16,1,64,1,31,1,0,1
92,77900,16,31,30.928223,,0,2,0,0,16621,431,471,61279,16,67,40,1,471,1,10,1,391,1,10170,1,511,1,49476,1,210,1,1052,1,190,4,1954,4,1032,4,15119,4,29567,8,0,0,44216,24,30,1,70,1,30,1,0,0,0,0,0,0,0,0,0,0,0,0,0,1,64,1,31,1,16,1,64,1,31,1,0,1
93,78600,16,31,30.927893,,0,2,0,0,16770,441,421,61830,16,67,40,1,471,1,20,1,391,1,10260,1,521,1,49927,1,200,1,1092,1,190,4,1934,4,1072,4,15099,4,29928,8,0,0,44606,24,30,1,110,1,30,1,0,0,0,0,0,0,0,0,0,0,0,0,0,1,64,1,31,1,16,1,64,1,31,1,0,1
94,78300,16,31,30.92736,,0,2,0,0,17211,441,411,61089,16,67,40,1,461,1,40,1,391,1,10039,1,501,1,49386,1,230,1,1072,1,140,4,1914,4,1022,4,15170,4,29497,8,0,0,44256,24,30,1,60,1,40,1,0,0,0,0,0,0,0,0,0,0,0,0,0,1,64,1,31,1,16,1,64,1,31,1,0,1
95,78400,16,31,30.92684,,0,2,0,0,16500,451,391,61900,16,67,50,1,531,1,20,1,401,1,10310,1,501,1,49827,1,261,1,1062,1,220,4,1924,4,1102,4,15199,4,29738,8,0,0,44546,24,40,1,60,1,30,1,0,0,0,0,0,0,0,0,0,0,0,0,0,1,64,1,31,1,16,1,64,1,31,1,0,1
96,78000,16,31,30.926682,,0,2,0,0,16741,461,411,61259,16,67,50,1,481,1,10,1,401,1,9929,1,521,1,49656,1,210,1,1002,1,250,4,1924,4,1062,4,15119,4,29718,8,0,0,44426,24,30,1,60,1,30,1,0,0,0,0,0,0,0,0,0,0,0,0,0,1,64,1,31,1,16,1,64,1,31,1,0,1
97,77700,16,31,30.926617,,0,2,0,0,16561,461,432,61139,16,67,50,1,501,1,20,1,401,1,9839,1,531,1,49576,1,220,1,1062,1,170,4,1944,4,1072,4,15079,4,29657,8,0,0,44305,24,40,1,60,1,30,1,0,0,0,0,0,0,0,0,0,0,0,0,0,1,64,1,31,1,16,1,64,1,31,1,0,1
98,77500,16,31,30.926464,,0,2,0,0,16291,461,381,61209,16,67,40,1,491,1,10,1,391,1,9829,1,511,1,49726,1,210,1,1072,1,170,4,1944,4,1022,4,15129,4,29768,8,0,0,44516,24,30,1,70,1,60,1,0,0,0,0,0,0,0,0,0,0,0,0,0,1,64,1,31,1,16,1,64,1,31,1,0,1
99,77500,16,31,30.92642,,0,2,0,0,16782,501,422,60718,16,67,30,1,491,1,20,1,401,1,9779,1,501,1,49276,1,220,1,1002,1,140,4,1934,4,1042,4,15059,4,29467,8,0,0,44105,24,40,1,60,1,30,1,0,0,0,0,0,0,0,0,0,0,0,0,0,1,64,1,31,1,16,1,64,1,31,1,0,1
100,78000,16,31,30.926594,,0,2,0,0,16551,451,381,61449,16,67,30,1,491,1,20,1,401,1,9729,1,521,1,50057,1,200,1,1192,1,210,4,2184,4,1072,4,15139,4,29657,8,0,0,44416,24,40,1,70,1,40,1,0,0,0,0,0,0,0,0,0,0,0,0,0,1,64,1,31,1,16,1,64,1,31,1,0,1
101,78300,16,31,30.92684,,0,2,0,0,16510,451,392,61790,16,67,50,1,511,1,20,1,411,1,9889,1,551,1,50148,1,210,1,1192,1,200,4,2184,4,1052,4,15099,4,29808,8,0,0,44515,24,50,1,70,1,40,1,0,0,0,0,0,0,0,0,0,0,0,0,0,1,64,1,31,1,16,1,64,1,31,1,0,1
102,78300,16,31,30.927086,,0,2,0,0,17121,471,421,61179,16,67,30,1,471,1,20,1,391,1,9579,1,591,1,49897,1,200,1,1162,1,140,4,2194,4,1032,4,15089,4,29678,8,0,0,44346,24,30,1,70,1,30,1,0,0,0,0,0,0,0,0,0,0,0,0,0,1,64,1,31,1,16,1,64,1,31,1,0,1
103,77500,16,31,30.927296,,0,2,0,0,16442,461,441,61058,16,67,40,1,471,1,20,1,391,1,9629,1,571,1,49726,1,210,1,1152,1,130,4,2254,4,1022,4,15059,4,29507,8,0,0,44125,24,30,1,70,1,40,1,0,0,0,0,0,0,0,0,0,0,0,0,0,1,64,1,31,1,16,1,64,1,31,1,0,1
104,77200,16,31,30.927448,,0,2,0,0,16282,451,411,60918,16,67,50,1,511,1,10,1,401,1,9569,1,541,1,49636,1,200,1,1142,1,130,4,2244,4,1032,4,15049,4,29437,8,0,0,44075,24,30,1,70,1,50,1,0,0,0,0,0,0,0,0,0,0,0,0,0,1,64,1,31,1,16,1,64,1,31,1,0,1
105,77300,16,31,30.92755,,0,2,0,0,16312,481,401,60988,16,67,50,1,481,1,20,1,401,1,9579,1,581,1,49676,1,200,1,1142,1,130,4,2204,4,1032,4,15049,4,29507,8,0,0,44155,24,30,1,60,1,40,1,0,0,0,0,0,0,0,0,0,0,0,0,0,1,64,1,31,1,16,1,64,1,31,1,0,1
106,77100,16,31,30.927608,,0,2,0,0,16412,471,431,60688,16,67,40,1,481,1,10,1,391,1,9378,1,541,1,49646,1,200,1,1152,1,140,4,2194,4,1022,4,15059,4,29467,8,0,0,44095,24,30,1,70,1,40,1,0,0,0,0,0,0,0,0,0,0,0,0,0,1,64,1,31,1,16,1,64,1,31,1,0,1
107,77200,16,31,30.92765,,0,2,0,0,16382,441,421,60818,16,67,30,1,481,1,30,1,401,1,9408,1,591,1,49676,1,200,1,1142,1,140,4,2274,4,1022,4,15039,4,29477,8,0,0,44095,24,40,1,60,1,40,1,0,0,0,0,0,0,0,0,0,0,0,0,0,1,64,1,31,1,16,1,64,1,31,1,0,1
108,82900,16,31,30.92769,,0,2,0,0,22062,421,400,60838,16,67,50,1,471,1,20,1,391,1,9508,1,551,1,49636,1,210,1,1142,1,150,4,2224,4,1022,4,15059,4,29477,8,0,0,44136,24,30,1,70,1,40,1,0,0,0,0,0,0,0,0,0,0,0,0,0,1,64,1,31,1,16,1,64,1,31,1,0,1
109,91100,16,31,30.927744,,0,2,0,0,27457,401,422,63643,16,67,40,1,501,1,10,1,421,1,12204,1,621,1,49576,1,271,1,1182,1,120,4,2214,4,1022,4,15039,4,29447,8,0,0,44065,24,40,1,60,1,50,1,0,0,0,0,0,0,0,0,0,0,0,0,0,1,64,1,31,1,16,1,64,1,31,1,0,1
110,78000,16,31,30.927816,,0,2,0,0,16771,421,401,61229,16,67,40,1,481,1,20,1,451,1,9769,1,521,1,49686,1,261,1,1172,1,150,4,2234,4,1012,4,15089,4,29467,8,0,0,44155,24,40,1,70,1,30,1,0,0,0,0,0,0,0,0,0,0,0,0,0,1,64,1,31,1,16,1,64,1,31,1,0,1
111,104400,16,31,30.927898,,0,2,0,0,28914,772,711,75486,16,67,160,1,952,1,30,1,761,1,15460,1,1433,1,56259,1,431,1,2314,1,321,4,3477,4,1863,4,15931,4,31170,8,0,0,46390,24,100,1,210,1,100,1,0,0,0,0,0,0,0,0,0,0,0,0,0,1,64,1,31,1,16,1,64,1,31,1,0,1
112,83100,16,31,30.927866,,0,2,0,0,21150,441,401,61950,16,67,40,1,531,1,20,1,431,1,10140,1,691,1,49867,1,230,1,1353,1,140,4,2134,4,1032,4,15069,4,29527,8,0,0,44195,24,30,1,100,1,40,1,0,0,0,0,0,0,0,0,0,0,0,0,0,1,64,1,31,1,16,1,64,1,31,1,0,1
113,79000,16,31,30.927744,,0,2,0,0,17791,471,401,61209,16,67,40,1,511,1,20,1,391,1,9949,1,611,1,49486,1,200,1,982,1,180,4,1924,4,1112,4,15069,4,29627,8,0,0,44296,24,30,1,60,1,30,1,0,0,0,0,0,0,0,0,0,0,0,0,0,1,64,1,31,1,16,1,64,1,31,1,0,1
114,77400,16,31,30.927547,,0,2,0,0,16371,511,462,61029,16,67,50,1,461,1,10,1,401,1,9829,1,551,1,49526,1,200,1,962,1,190,4,1934,4,1012,4,15179,4,29607,8,0,0,44325,24,40,1,60,1,30,1,0,0,0,0,0,0,0,0,0,0,0,0,0,1,64,1,31,1,16,1,64,1,31,1,0,1
115,78400,16,31,30.92704,,0,2,0,0,16771,491,421,61629,16,67,30,1,471,1,20,1,401,1,9969,1,551,1,49957,1,230,1,1072,1,230,4,1914,4,1042,4,15240,4,29818,8,0,0,44636,24,60,1,60,1,30,1,0,0,0,0,0,0,0,0,0,0,0,0,0,1,64,1,31,1,16,1,64,1,31,1,0,1
116,77700,16,31,30.92687,,0,2,0,0,16692,471,391,61008,16,67,40,1,471,1,10,1,401,1,9659,1,531,1,49626,1,271,1,1052,1,180,4,1924,4,1052,4,15149,4,29637,8,0,0,44395,24,60,1,70,1,30,1,0,0,0,0,0,0,0,0,0,0,0,0,0,1,64,1,31,1,16,1,64,1,31,1,0,1
117,77400,16,31,30.926819,,0,2,0,0,16862,482,382,60538,16,67,40,1,511,1,20,1,401,1,9549,1,541,1,49245,1,230,1,982,1,180,4,1923,4,1012,4,15039,4,29497,8,0,0,44154,24,40,1,60,1,30,1,0,0,0,0,0,0,0,0,0,0,0,0,0,1,64,1,31,1,16,1,64,1,31,1,0,1
118,78800,16,31,30.9267,,0,2,0,0,17661,501,371,61139,16,67,30,1,471,1,20,1,401,1,9759,1,541,1,49706,1,210,1,1022,1,200,4,1934,4,1012,4,15109,4,29758,8,0,0,44496,24,40,1,100,1,30,1,0,0,0,0,0,0,0,0,0,0,0,0,0,1,64,1,31,1,16,1,64,1,31,1,0,1
119,77400,16,31,30.92664,,0,2,0,0,16622,481,381,60778,16,67,30,1,481,1,20,1,401,1,9579,1,511,1,49546,1,210,1,982,1,190,4,1914,4,1052,4,15129,4,29677,8,0,0,44425,24,30,1,60,1,30,1,0,0,0,0,0,0,0,0,0,0,0,0,0,1,64,1,31,1,16,1,64,1,31,1,0,1
120,77100,16,31,30.926796,,0,2,0,0,16292,481,362,60808,16,67,20,1,491,1,10,1,401,1,9538,1,501,1,49636,1,210,1,1002,1,250,4,1914,4,1102,4,15079,4,29678,8,0,0,44395,24,30,1,60,1,40,1,0,0,0,0,0,0,0,0,0,0,0,0,0,1,64,1,31,1,16,1,64,1,31,1,0,1
121,77600,16,31,30.927,,0,2,0,0,16772,431,401,60828,16,67,30,1,491,1,10,1,381,1,9528,1,501,1,49676,1,210,1,1092,1,170,4,1954,4,1122,4,15039,4,29728,8,0,0,44366,24,40,1,60,1,40,1,0,0,0,0,0,0,0,0,0,0,0,0,0,1,64,1,31,1,16,1,64,1,31,1,0,1
122,76900,16,31,30.927036,,0,2,0,0,16553,431,352,60347,16,67,30,1,471,1,10,1,391,1,9428,1,561,1,49255,1,200,1,1042,1,160,4,1914,4,1042,4,15059,4,29467,8,0,0,44175,24,40,1,70,1,30,1,0,0,0,0,0,0,0,0,0,0,0,0,0,1,64,1,31,1,16,1,64,1,31,1,0,1
123,77800,16,31,30.92698,,0,2,0,0,16611,451,411,61189,16,67,50,1,481,1,10,1,401,1,9528,1,521,1,49997,1,200,1,1022,1,261,4,1924,4,1072,4,15160,4,29928,8,0,0,44676,24,80,1,60,1,40,1,0,0,0,0,0,0,0,0,0,0,0,0,0,1,64,1,31,1,16,1,64,1,31,1,0,1
124,77800,16,31,30.926971,,0,2,0,0,16661,431,411,61139,16,67,40,1,471,1,20,1,401,1,9769,1,521,1,49686,1,230,1,1002,1,230,4,1954,4,1102,4,15109,4,29678,8,0,0,44376,24,70,1,70,1,40,1,0,0,0,0,0,0,0,0,0,0,0,0,0,1,64,1,31,1,16,1,64,1,31,1,0,1
125,78800,16,31,30.92701,,0,2,0,0,17411,481,382,61389,16,67,30,1,471,1,20,1,391,1,9929,1,511,1,49787,1,250,1,1032,1,210,4,1964,4,1112,4,15049,4,29758,8,0,0,44425,24,40,1,110,1,30,1,0,0,0,0,0,0,0,0,0,0,0,0,0,1,64,1,31,1,16,1,64,1,31,1,0,1
126,78500,16,31,30.927097,,0,2,0,0,16790,441,391,61710,16,67,40,1,501,1,30,1,401,1,10100,1,591,1,49807,1,240,1,1042,1,190,4,1954,4,1012,4,15199,4,29798,8,0,0,44606,24,30,1,100,1,40,1,0,0,0,0,0,0,0,0,0,0,0,0,0,1,64,1,31,1,16,1,64,1,31,1,0,1
127,77300,16,31,30.927212,,0,2,0,0,16703,451,411,60597,16,67,40,1,511,1,10,1,391,1,9629,1,521,1,49266,1,230,1,992,1,140,4,1934,4,1032,4,15039,4,29537,8,0,0,44165,24,50,1,60,1,30,1,0,0,0,0,0,0,0,0,0,0,0,0,0,1,64,1,31,1,16,1,64,1,31,1,0,1
128,79200,16,31,30.927334,,0,2,0,0,17861,501,372,61339,16,67,50,1,491,1,20,1,411,1,10070,1,481,1,49596,1,220,1,952,1,240,4,1904,4,1102,4,15069,4,29708,8,0,0,44405,24,30,1,60,1,30,1,0,0,0,0,0,0,0,0,0,0,0,0,0,1,64,1,31,1,16,1,64,1,31,1,0,1
129,77600,16,31,30.92745,,0,2,0,0,16492,431,431,61108,16,67,30,1,501,1,20,1,401,1,9909,1,551,1,49466,1,230,1,962,1,170,4,1934,4,1052,4,15039,4,29748,8,0,0,44356,24,40,1,60,1,30,1,0,0,0,0,0,0,0,0,0,0,0,0,0,1,64,1,31,1,16,1,64,1,31,1,0,1
130,79200,16,31,30.927553,,0,2,0,0,18372,421,401,60828,16,67,40,1,501,1,10,1,401,1,9679,1,521,1,49416,1,261,1,992,1,200,4,1933,4,1042,4,15110,4,29597,8,0,0,44306,24,30,1,60,1,30,1,0,0,0,0,0,0,0,0,0,0,0,0,0,1,64,1,31,1,16,1,64,1,31,1,0,1
131,88500,16,31,30.92764,,0,2,0,0,24937,772,662,63563,16,67,40,1,481,1,10,1,391,1,9378,1,1162,1,51891,1,210,1,1974,1,230,4,1924,4,1553,4,15330,4,29948,8,0,0,44616,24,70,1,60,1,30,1,0,0,0,0,0,0,0,0,0,0,0,0,0,1,64,1,31,1,16,1,64,1,31,1,0,1
132,79500,16,31,30.927717,,0,2,0,0,19032,501,381,60468,16,67,40,1,461,1,30,1,421,1,9449,1,531,1,49326,1,210,1,1032,1,150,4,1904,4,1042,4,15019,4,29547,8,0,0,44185,24,40,1,60,1,30,1,0,0,0,0,0,0,0,0,0,0,0,0,0,1,64,1,31,1,16,1,64,1,31,1,0,1
133,78700,16,31,30.927736,,0,2,0,0,17772,401,392,60928,16,67,30,1,491,1,20,1,391,1,9649,1,541,1,49606,1,200,1,1022,1,200,4,1934,4,1052,4,15089,4,29748,8,0,0,44445,24,30,1,100,1,30,1,0,0,0,0,0,0,0,0,0,0,0,0,0,1,64,1,31,1,16,1,64,1,31,1,0,1
134,78100,16,31,30.927635,,0,2,0,0,16801,521,411,61299,16,67,40,1,471,1,20,1,401,1,9679,1,541,1,49947,1,200,1,1082,1,170,4,1924,4,1042,4,15159,4,29878,8,0,0,44626,24,30,1,100,1,40,1,0,0,0,0,0,0,0,0,0,0,0,0,0,1,64,1,31,1,16,1,64,1,31,1,0,1
135,77700,16,31,30.927307,,0,2,0,0,16571,430,382,61129,16,67,40,1,511,1,20,1,391,1,9819,1,541,1,49596,1,210,1,1032,1,210,4,1954,4,1052,4,15110,4,29688,8,0,0,44416,24,30,1,60,1,30,1,0,0,0,0,0,0,0,0,0,0,0,0,0,1,64,1,31,1,16,1,64,1,31,1,0,1
136,77900,16,31,30.927082,,0,2,0,0,16410,441,411,61490,16,67,100,1,491,1,20,1,381,1,9879,1,551,1,49857,1,210,1,1022,1,260,4,1914,4,1082,4,15149,4,29838,8,0,0,44576,24,50,1,60,1,40,1,0,0,0,0,0,0,0,0,0,0,0,0,0,1,64,1,31,1,16,1,64,1,31,1,0,1
137,77100,16,31,30.926966,,0,2,0,0,16462,451,381,60638,16,67,30,1,501,1,20,1,391,1,9689,1,501,1,49306,1,200,1,992,1,140,4,1944,4,1062,4,15019,4,29587,8,0,0,44225,24,30,1,60,1,20,1,0,0,0,0,0,0,0,0,0,0,0,0,0,1,64,1,31,1,16,1,64,1,31,1,0,1
138,77900,16,31,30.926922,,0,2,0,0,16881,451,401,61019,16,67,30,1,471,1,10,1,401,1,9749,1,551,1,49586,1,220,1,982,1,150,4,1964,4,1022,4,15139,4,29758,8,0,0,44496,24,30,1,60,1,30,1,0,0,0,0,0,0,0,0,0,0,0,0,0,1,64,1,31,1,16,1,64,1,31,1,0,1
139,77700,16,31,30.927008,,0,2,0,0,16511,451,391,61189,16,67,40,1,481,1,10,1,391,1,9729,1,521,1,49787,1,230,1,1032,1,240,4,1974,4,1072,4,15129,4,29748,8,0,0,44486,24,50,1,60,1,30,1,0,0,0,0,0,0,0,0,0,0,0,0,0,1,64,1,31,1,16,1,64,1,31,1,0,1
140,77300,16,31,30.927189,,0,2,0,0,16602,451,431,60698,16,67,40,1,481,1,20,1,401,1,9599,1,531,1,49376,1,250,1,1022,1,170,4,1944,4,1032,4,15089,4,29537,8,0,0,44195,24,40,1,60,1,30,1,0,0,0,0,0,0,0,0,0,0,0,0,0,1,64,1,31,1,16,1,64,1,31,1,0,1
141,77900,16,31,30.927387,,0,2,0,0,17032,461,381,60868,16,67,30,1,461,1,10,1,401,1,9549,1,551,1,49616,1,250,1,1022,1,190,4,1954,4,1062,4,15069,4,29698,8,0,0,44386,24,30,1,100,1,30,1,0,0,0,0,0,0,0,0,0,0,0,0,0,1,64,1,31,1,16,1,64,1,31,1,0,1
142,77300,16,31,30.927572,,0,2,0,0,16622,400,411,60678,16,67,30,1,501,1,10,1,391,1,9689,1,551,1,49296,1,210,1,972,1,170,4,1934,4,1022,4,15099,4,29568,8,0,0,44256,24,40,1,60,1,30,1,0,0,0,0,0,0,0,0,0,0,0,0,0,1,64,1,31,1,16,1,64,1,31,1,0,1
143,77200,16,31,30.927721,,0,2,0,0,16522,411,411,60678,16,67,40,1,471,1,20,1,401,1,9629,1,511,1,49396,1,210,1,1042,1,140,4,1944,4,1042,4,15119,4,29567,8,0,0,44276,24,40,1,60,1,30,1,0,0,0,0,0,0,0,0,0,0,0,0,0,1,64,1,31,1,16,1,64,1,31,1,0,1
144,77100,16,31,30.92782,,0,2,0,0,16593,451,401,60507,16,67,40,1,501,1,20,1,401,1,9559,1,541,1,49235,1,210,1,1032,1,160,4,1914,4,1012,4,15059,4,29477,8,0,0,44135,24,40,1,60,1,30,1,0,0,0,0,0,0,0,0,0,0,0,0,0,1,64,1,31,1,16,1,64,1,31,1,0,1
145,77300,16,31,30.927883,,0,2,0,0,16722,461,511,60578,16,67,50,1,491,1,20,1,381,1,9518,1,561,1,49356,1,200,1,972,1,170,4,1924,4,1032,4,15089,4,29577,8,0,0,44155,24,40,1,60,1,30,1,0,0,0,0,0,0,0,0,0,0,0,0,0,1,64,1,31,1,16,1,64,1,31,1,0,1
146,77400,16,31,30.927923,,0,2,0,0,16532,431,411,60868,16,67,30,1,491,1,10,1,391,1,9468,1,571,1,49696,1,210,1,962,1,190,4,1954,4,1012,4,15149,4,29828,8,0,0,44566,24,80,1,60,1,30,1,0,0,0,0,0,0,0,0,0,0,0,0,0,1,64,1,31,1,16,1,64,1,31,1,0,1
147,77000,16,31,30.927961,,0,2,0,0,16413,481,362,60587,16,67,50,1,491,1,20,1,401,1,9478,1,561,1,49376,1,210,1,962,1,180,4,1934,4,1032,4,15070,4,29587,8,0,0,44295,24,40,1,60,1,30,1,0,0,0,0,0,0,0,0,0,0,0,0,0,1,64,1,31,1,16,1,64,1,31,1,0,1
148,77300,16,31,30.92787,,0,2,0,0,16542,441,392,60758,16,67,30,1,511,1,20,1,391,1,9368,1,551,1,49686,1,200,1,1052,1,250,4,1924,4,1072,4,15110,4,29718,8,0,0,44435,24,30,1,60,1,30,1,0,0,0,0,0,0,0,0,0,0,0,0,0,1,64,1,31,1,16,1,64,1,31,1,0,1
149,77900,16,31,30.927685,,0,2,0,0,17072,361,371,60828,16,67,40,1,501,1,20,1,411,1,9448,1,531,1,49666,1,210,1,992,1,200,4,1964,4,1072,4,15099,4,29807,8,0,0,44536,24,40,1,100,1,30,1,0,0,0,0,0,0,0,0,0,0,0,0,0,1,64,1,31,1,16,1,64,1,31,1,0,1
150,77300,16,31,30.927345,,0,2,0,0,16602,481,382,60698,16,67,40,1,501,1,20,1,391,1,9769,1,511,1,49256,1,210,1,1012,1,140,4,1924,4,1032,4,15029,4,29518,8,0,0,44165,24,30,1,60,1,30,1,0,0,0,0,0,0,0,0,0,0,0,0,0,1,64,1,31,1,16,1,64,1,31,1,0,1
151,77700,16,31,30.927052,,0,2,0,0,16401,462,422,61299,16,67,40,1,491,1,10,1,401,1,9589,1,581,1,49977,1,210,1,1012,1,250,4,1933,4,1112,4,15250,4,29818,8,0,0,44646,24,40,1,70,1,30,1,0,0,0,0,0,0,0,0,0,0,0,0,0,1,64,1,31,1,16,1,64,1,31,1,0,1
152,77500,16,31,30.926477,,0,2,0,0,16482,431,421,61018,16,67,40,1,481,1,10,1,401,1,9719,1,541,1,49606,1,220,1,1122,1,150,4,1954,4,1012,4,15230,4,29567,8,0,0,44376,24,50,1,60,1,30,1,0,0,0,0,0,0,0,0,0,0,0,0,0,1,64,1,31,1,16,1,64,1,31,1,0,1
153,77700,16,31,30.925793,,0,2,0,0,16682,411,401,61018,16,67,40,1,461,1,20,1,401,1,9839,1,521,1,49506,1,230,1,1102,1,170,4,1924,4,1042,4,15159,4,29577,8,0,0,44336,24,30,1,60,1,30,1,0,0,0,0,0,0,0,0,0,0,0,0,0,1,64,1,31,1,16,1,64,1,31,1,0,1
154,82000,16,31,30.925518,,0,2,0,0,20210,451,421,61790,16,67,30,1,481,1,10,1,391,1,9869,1,511,1,50227,1,271,1,992,1,220,4,1914,4,1022,4,15290,4,30179,8,0,0,45047,24,70,1,60,1,30,1,0,0,0,0,0,0,0,0,0,0,0,0,0,1,64,1,31,1,16,1,64,1,31,1,0,1
155,77600,16,31,30.925426,,0,2,0,0,16972,441,391,60628,16,67,40,1,471,1,10,1,401,1,9709,1,531,1,49266,1,200,1,1002,1,150,4,1944,4,1032,4,15059,4,29517,8,0,0,44185,24,30,1,60,1,30,1,0,0,0,0,0,0,0,0,0,0,0,0,0,1,64,1,31,1,16,1,64,1,31,1,0,1
156,76900,16,31,30.92541,,0,2,0,0,16513,360,401,60387,16,67,50,1,471,1,20,1,391,1,9609,1,521,1,49125,1,200,1,982,1,150,4,1934,4,1022,4,15029,4,29497,8,0,0,44126,24,30,1,70,1,50,1,0,0,0,0,0,0,0,0,0,0,0,0,0,1,64,1,31,1,16,1,64,1,31,1,0,1
157,77000,16,31,30.92561,,0,2,0,0,16673,451,371,60327,16,67,30,1,481,1,20,1,381,1,9549,1,511,1,49145,1,210,1,1012,1,130,4,1924,4,1012,4,15039,4,29447,8,0,0,44115,24,40,1,60,1,30,1,0,0,0,0,0,0,0,0,0,0,0,0,0,1,64,1,31,1,16,1,64,1,31,1,0,1
158,76800,16,31,30.925947,,0,2,0,0,16413,441,411,60387,16,67,50,1,491,1,10,1,411,1,9488,1,531,1,49195,1,210,1,942,1,140,4,1934,4,1032,4,15080,4,29497,8,0,0,44165,24,30,1,70,1,30,1,0,0,0,0,0,0,0,0,0,0,0,0,0,1,64,1,31,1,16,1,64,1,31,1,0,1
159,77300,16,31,30.92628,,0,2,0,0,16372,431,431,60928,16,67,50,1,471,1,10,1,391,1,9418,1,531,1,49807,1,250,1,962,1,250,4,1944,4,1092,4,15139,4,29848,8,0,0,44556,24,40,1,60,1,40,1,0,0,0,0,0,0,0,0,0,0,0,0,0,1,64,1,31,1,16,1,64,1,31,1,0,1
160,76900,16,31,30.926554,,0,2,0,0,16553,441,492,60347,16,67,40,1,491,1,10,1,391,1,9398,1,551,1,49266,1,200,1,952,1,200,4,1924,4,1052,4,15049,4,29517,8,0,0,44075,24,40,1,60,1,30,1,0,0,0,0,0,0,0,0,0,0,0,0,0,1,64,1,31,1,16,1,64,1,31,1,0,1
161,78100,16,31,30.926764,,0,2,0,0,17272,411,392,60828,16,67,30,1,491,1,20,1,401,1,9589,1,551,1,49546,1,200,1,972,1,180,4,1954,4,1052,4,15089,4,29727,8,0,0,44425,24,30,1,90,1,40,1,0,0,0,0,0,0,0,0,0,0,0,0,0,1,64,1,31,1,16,1,64,1,31,1,0,1
162,77000,16,31,30.9269,,0,2,0,0,16693,471,381,60307,16,67,40,1,511,1,20,1,401,1,9418,1,501,1,49205,1,210,1,982,1,160,4,1924,4,1022,4,15059,4,29457,8,0,0,44135,24,30,1,70,1,30,1,0,0,0,0,0,0,0,0,0,0,0,0,0,1,64,1,31,1,16,1,64,1,31,1,0,1
163,77200,16,31,30.926983,,0,2,0,0,16773,461,353,60427,16,67,40,1,481,1,20,1,401,1,9458,1,531,1,49286,1,210,1,1052,1,160,4,1944,4,1022,4,15039,4,29477,8,0,0,44164,24,30,1,60,1,40,1,0,0,0,0,0,0,0,0,0,0,0,0,0,1,64,1,31,1,16,1,64,1,31,1,0,1
164,76900,16,31,30.927046,,0,2,0,0,16563,441,361,60337,16,67,60,1,481,1,10,1,401,1,9458,1,501,1,49225,1,200,1,982,1,160,4,1954,4,1022,4,15049,4,29487,8,0,0,44175,24,40,1,60,1,30,1,0,0,0,0,0,0,0,0,0,0,0,0,0,1,64,1,31,1,16,1,64,1,31,1,0,1
165,77100,16,31,30.92711,,0,2,0,0,16783,461,392,60317,16,67,40,1,491,1,20,1,401,1,9408,1,551,1,49205,1,200,1,992,1,140,4,1944,4,1022,4,15059,4,29447,8,0,0,44115,24,50,1,60,1,30,1,0,0,0,0,0,0,0,0,0,0,0,0,0,1,64,1,31,1,16,1,64,1,31,1,0,1
166,77700,16,31,30.927034,,0,2,0,0,16912,461,371,60788,16,67,40,1,481,1,30,1,401,1,9388,1,511,1,49736,1,200,1,1032,1,210,4,1944,4,1012,4,15149,4,29747,8,0,0,44526,24,40,1,100,1,40,1,0,0,0,0,0,0,0,0,0,0,0,0,0,1,64,1,31,1,16,1,64,1,31,1,0,1
167,77000,16,31,30.927061,,0,2,0,0,16723,431,382,60277,16,67,40,1,501,1,20,1,401,1,9358,1,541,1,49185,1,230,1,962,1,170,4,1924,4,1042,4,15039,4,29487,8,0,0,44145,24,40,1,60,1,30,1,0,0,0,0,0,0,0,0,0,0,0,0,0,1,64,1,31,1,16,1,64,1,31,1,0,1
168,78600,16,31,30.927149,,0,2,0,0,18323,461,391,60277,16,67,40,1,481,1,30,1,391,1,9408,1,501,1,49215,1,210,1,1032,1,160,4,1924,4,1042,4,15019,4,29457,8,0,0,44085,24,30,1,60,1,30,1,0,0,0,0,0,0,0,0,0,0,0,0,0,1,64,1,31,1,16,1,64,1,31,1,0,1
169,77900,16,31,30.927221,,0,2,0,0,17052,421,391,60848,16,67,40,1,481,1,30,1,401,1,9408,1,551,1,49726,1,210,1,1002,1,180,4,1944,4,1062,4,15099,4,29868,8,0,0,44576,24,40,1,60,1,50,1,0,0,0,0,0,0,0,0,0,0,0,0,0,1,64,1,31,1,16,1,64,1,31,1,0,1
170,77200,16,31,30.927317,,0,2,0,0,16603,490,382,60597,16,67,40,1,501,1,20,1,421,1,9388,1,511,1,49516,1,200,1,1012,1,190,4,1914,4,1032,4,15099,4,29658,8,0,0,44375,24,30,1,60,1,30,1,0,0,0,0,0,0,0,0,0,0,0,0,0,1,64,1,31,1,16,1,64,1,31,1,0,1
171,77300,16,31,30.927444,,0,2,0,0,16743,491,372,60557,16,67,40,1,471,1,20,1,391,1,9388,1,551,1,49476,1,220,1,992,1,170,4,1924,4,1072,4,15070,4,29597,8,0,0,44295,24,70,1,60,1,30,1,0,0,0,0,0,0,0,0,0,0,0,0,0,1,64,1,31,1,16,1,64,1,31,1,0,1
172,77400,16,31,30.92757,,0,2,0,0,16742,461,441,60658,16,67,40,1,471,1,20,1,401,1,9388,1,501,1,49636,1,200,1,1012,1,220,4,1944,4,1032,4,15109,4,29688,8,0,0,44356,24,70,1,70,1,30,1,0,0,0,0,0,0,0,0,0,0,0,0,0,1,64,1,31,1,16,1,64,1,31,1,0,1
173,77300,16,31,30.927683,,0,2,0,0,16983,471,371,60317,16,67,40,1,471,1,20,1,391,1,9388,1,531,1,49266,1,210,1,992,1,160,4,1934,4,1042,4,15029,4,29507,8,0,0,44165,24,40,1,60,1,30,1,0,0,0,0,0,0,0,0,0,0,0,0,0,1,64,1,31,1,16,1,64,1,31,1,0,1
174,77400,16,31,30.927782,,0,2,0,0,16833,472,392,60567,16,67,30,1,491,1,20,1,401,1,9428,1,491,1,49506,1,200,1,992,1,240,4,1914,4,1022,4,15119,4,29597,8,0,0,44325,24,40,1,60,1,50,1,0,0,0,0,0,0,0,0,0,0,0,0,0,1,64,1,31,1,16,1,64,1,31,1,0,1
175,77300,16,31,30.927866,,0,2,0,0,16753,442,422,60547,16,67,40,1,471,1,10,1,401,1,9318,1,551,1,49556,1,200,1,982,1,260,4,1943,4,1062,4,15089,4,29647,8,0,0,44315,24,30,1,70,1,30,1,0,0,0,0,0,0,0,0,0,0,0,0,0,1,64,1,31,1,16,1,64,1,31,1,0,1
176,77100,16,31,30.927855,,0,2,0,0,16382,471,411,60718,16,67,40,1,481,1,20,1,391,1,9448,1,511,1,49616,1,210,1,1012,1,250,4,1944,4,1092,4,15089,4,29637,8,0,0,44316,24,30,1,60,1,30,1,0,0,0,0,0,0,0,0,0,0,0,0,0,1,64,1,31,1,16,1,64,1,31,1,0,1
177,77100,16,31,30.927813,,0,2,0,0,16472,471,372,60628,16,67,60,1,491,1,20,1,401,1,9388,1,491,1,49556,1,220,1,1012,1,210,4,1934,4,1092,4,15059,4,29627,8,0,0,44315,24,30,1,80,1,40,1,0,0,0,0,0,0,0,0,0,0,0,0,0,1,64,1,31,1,16,1,64,1,31,1,0,1
178,77000,16,31,30.92786,,0,2,0,0,16342,421,381,60658,16,67,50,1,481,1,10,1,391,1,9538,1,521,1,49466,1,200,1,1042,1,190,4,1944,4,1052,4,15059,4,29637,8,0,0,44316,24,30,1,60,1,30,1,0,0,0,0,0,0,0,0,0,0,0,0,0,1,64,1,31,1,16,1,64,1,31,1,0,1
179,77400,16,31,30.927914,,0,2,0,0,16492,471,382,60908,16,67,40,1,511,1,20,1,411,1,9358,1,521,1,49847,1,200,1,1022,1,240,4,1924,4,1062,4,15139,4,29808,8,0,0,44565,24,70,1,60,1,50,1,0,0,0,0,0,0,0,0,0,0,0,0,0,1,64,1,31,1,16,1,64,1,31,1,0,1
180,77100,16,31,30.927961,,0,2,0,0,16563,481,392,60537,16,67,40,1,481,1,10,1,391,1,9328,1,531,1,49556,1,200,1,1002,1,240,4,1914,4,1072,4,15079,4,29627,8,0,0,44315,24,30,1,60,1,50,1,0,0,0,0,0,0,0,0,0,0,0,0,0,1,64,1,31,1,16,1,64,1,31,1,0,1
181,77500,16,31,30.928022,,0,2,0,0,16963,461,421,60537,16,67,80,1,481,1,10,1,401,1,9248,1,561,1,49546,1,210,1,1032,1,200,4,1974,4,1062,4,15049,4,29637,8,0,0,44266,24,40,1,60,1,30,1,0,0,0,0,0,0,0,0,0,0,0,0,0,1,64,1,31,1,16,1,64,1,31,1,0,1
182,77400,16,31,30.928093,,0,2,0,0,16782,441,381,60618,16,67,50,1,501,1,20,1,401,1,9278,1,511,1,49656,1,200,1,1012,1,210,4,1944,4,1032,4,15079,4,29758,8,0,0,44456,24,40,1,110,1,30,1,0,0,0,0,0,0,0,0,0,0,0,0,0,1,64,1,31,1,16,1,64,1,31,1,0,1
183,76800,16,31,30.928165,,0,2,0,0,16513,461,391,60287,16,67,20,1,471,1,20,1,401,1,9238,1,551,1,49386,1,200,1,1012,1,180,4,1934,4,1042,4,15069,4,29567,8,0,0,44245,24,30,1,60,1,30,1,0,0,0,0,0,0,0,0,0,0,0,0,0,1,64,1,31,1,16,1,64,1,31,1,0,1
184,76700,16,31,30.928234,,0,2,0,0,16553,441,411,60147,16,67,40,1,481,1,10,1,391,1,9288,1,501,1,49225,1,210,1,1032,1,160,4,1934,4,1022,4,15049,4,29477,8,0,0,44116,24,20,1,60,1,30,1,0,0,0,0,0,0,0,0,0,0,0,0,0,1,64,1,31,1,16,1,64,1,31,1,0,1
185,76600,16,31,30.928297,,0,2,0,0,16353,451,381,60247,16,67,50,1,501,1,10,1,391,1,9268,1,541,1,49276,1,210,1,1042,1,170,4,1954,4,1032,4,15049,4,29457,8,0,0,44125,24,30,1,60,1,30,1,0,0,0,0,0,0,0,0,0,0,0,0,0,1,64,1,31,1,16,1,64,1,31,1,0,1
186,76700,16,31,30.928352,,0,2,0,0,16373,441,401,60327,16,67,50,1,471,1,10,1,401,1,9358,1,571,1,49215,1,250,1,1012,1,160,4,1944,4,1022,4,15039,4,29477,8,0,0,44115,24,30,1,60,1,30,1,0,0,0,0,0,0,0,0,0,0,0,0,0,1,64,1,31,1,16,1,64,1,31,1,0,1
187,76900,16,31,30.9284,,0,2,0,0,16543,481,431,60357,16,67,40,1,471,1,10,1,391,1,9368,1,561,1,49306,1,210,1,1012,1,150,4,1914,4,1042,4,15069,4,29517,8,0,0,44155,24,30,1,60,1,30,1,0,0,0,0,0,0,0,0,0,0,0,0,0,1,64,1,31,1,16,1,64,1,31,1,0,1
188,77500,16,31,30.928446,,0,2,0,0,17073,491,382,60427,16,67,40,1,471,1,20,1,401,1,9238,1,481,1,49506,1,271,1,1042,1,170,4,1904,4,1032,4,15149,4,29597,8,0,0,44365,24,30,1,60,1,30,1,0,0,0,0,0,0,0,0,0,0,0,0,0,1,64,1,31,1,16,1,64,1,31,1,0,1
189,77300,16,31,30.928492,,0,2,0,0,16632,491,391,60668,16,67,40,1,481,1,20,1,401,1,9308,1,561,1,49636,1,220,1,1002,1,200,4,1924,4,1062,4,15099,4,29698,8,0,0,44406,24,30,1,100,1,30,1,0,0,0,0,0,0,0,0,0,0,0,0,0,1,64,1,31,1,16,1,64,1,31,1,0,1
190,77100,16,31,30.92853,,0,2,0,0,16733,481,401,60367,16,67,60,1,461,1,20,1,401,1,9148,1,541,1,49516,1,220,1,1042,1,140,4,1913,4,1032,4,15159,4,29587,8,0,0,44346,24,30,1,100,1,30,1,0,0,0,0,0,0,0,0,0,0,0,0,0,1,64,1,31,1,16,1,64,1,31,1,0,1
191,77000,16,31,30.928568,,0,2,0,0,16533,481,401,60467,16,67,40,1,481,1,20,1,411,1,9228,1,551,1,49536,1,200,1,1042,1,200,4,1934,4,1052,4,15079,4,29617,8,0,0,44295,24,30,1,60,1,40,1,0,0,0,0,0,0,0,0,0,0,0,0,0,1,64,1,31,1,16,1,64,1,31,1,0,1
192,76700,16,31,30.928606,,0,2,0,0,16253,491,381,60447,16,67,50,1,481,1,20,1,391,1,9278,1,531,1,49486,1,210,1,1022,1,190,4,1924,4,1042,4,15049,4,29637,8,0,0,44306,24,40,1,60,1,30,1,0,0,0,0,0,0,0,0,0,0,0,0,0,1,64,1,31,1,16,1,64,1,31,1,0,1
193,76900,16,31,30.928644,,0,2,0,0,16373,451,412,60527,16,67,50,1,471,1,20,1,401,1,9288,1,521,1,49566,1,210,1,1012,1,200,4,1924,4,1062,4,15109,4,29678,8,0,0,44375,24,40,1,60,1,30,1,0,0,0,0,0,0,0,0,0,0,0,0,0,1,64,1,31,1,16,1,64,1,31,1,0,1
194,77000,16,31,30.928682,,0,2,0,0,16302,461,411,60698,16,67,50,1,471,1,10,1,401,1,9258,1,521,1,49726,1,261,1,972,1,190,4,1934,4,1022,4,15169,4,29808,8,0,0,44566,24,60,1,70,1,40,1,0,0,0,0,0,0,0,0,0,0,0,0,0,1,64,1,31,1,16,1,64,1,31,1,0,1
195,77300,16,31,30.928719,,0,2,0,0,16733,521,421,60567,16,67,50,1,461,1,20,1,401,1,9118,1,531,1,49777,1,210,1,962,1,230,4,1974,4,1052,4,15139,4,29747,8,0,0,44466,24,50,1,60,1,40,1,0,0,0,0,0,0,0,0,0,0,0,0,0,1,64,1,31,1,16,1,64,1,31,1,0,1
196,76900,16,31,30.92875,,0,2,0,0,17064,391,431,59836,16,67,50,1,491,1,10,1,391,1,9078,1,501,1,49115,1,200,1,992,1,160,4,1934,4,1032,4,14999,4,29467,8,0,0,44035,24,50,1,60,1,30,1,0,0,0,0,0,0,0,0,0,0,0,0,0,1,64,1,31,1,16,1,64,1,31,1,0,1
197,76700,16,31,30.92878,,0,2,0,0,16503,501,392,60197,16,67,40,1,511,1,20,1,401,1,9278,1,531,1,49195,1,220,1,992,1,120,4,1924,4,1022,4,15059,4,29447,8,0,0,44114,24,30,1,70,1,30,1,0,0,0,0,0,0,0,0,0,0,0,0,0,1,64,1,31,1,16,1,64,1,31,1,0,1
198,76600,16,31,30.92881,,0,2,0,0,16614,431,421,59986,16,67,30,1,481,1,10,1,401,1,9188,1,511,1,49155,1,210,1,972,1,150,4,1904,4,1032,4,15059,4,29477,8,0,0,44116,24,40,1,60,1,30,1,0,0,0,0,0,0,0,0,0,0,0,0,0,1,64,1,31,1,16,1,64,1,31,1,0,1
199,76500,16,31,30.92884,,0,2,0,0,16594,451,371,59906,16,67,50,1,471,1,20,1,401,1,9148,1,501,1,49105,1,210,1,972,1,160,4,1904,4,1022,4,14999,4,29457,8,0,0,44085,24,40,1,60,1,40,1,0,0,0,0,0,0,0,0,0,0,0,0,0,1,64,1,31,1,16,1,64,1,31,1,0,1
200,76700,16,31,30.928864,,0,2,0,0,16453,471,392,60247,16,67,80,1,491,1,10,1,391,1,9158,1,531,1,49376,1,210,1,1012,1,170,4,1914,4,1022,4,15099,4,29547,8,0,0,44255,24,40,1,60,1,40,1,0,0,0,0,0,0,0,0,0,0,0,0,0,1,64,1,31,1,16,1,64,1,31,1,0,1
201,76500,16,31,30.928886,,0,2,0,0,16414,501,362,60086,16,67,40,1,461,1,20,1,401,1,9168,1,531,1,49266,1,200,1,992,1,160,4,1914,4,1022,4,15059,4,29507,8,0,0,44204,24,30,1,60,1,20,1,0,0,0,0,0,0,0,0,0,0,0,0,0,1,64,1,31,1,16,1,64,1,31,1,0,1
202,76700,16,31,30.92891,,0,2,0,0,16583,421,412,60117,16,67,30,1,481,1,10,1,381,1,9208,1,551,1,49235,1,220,1,1012,1,150,4,1924,4,1042,4,15039,4,29517,8,0,0,44145,24,30,1,70,1,30,1,0,0,0,0,0,0,0,0,0,0,0,0,0,1,64,1,31,1,16,1,64,1,31,1,0,1
203,76700,16,31,30.928932,,0,2,0,0,16533,431,431,60167,16,67,30,1,511,1,20,1,391,1,9298,1,501,1,49215,1,200,1,1012,1,170,4,1924,4,1022,4,15029,4,29497,8,0,0,44095,24,40,1,60,1,30,1,0,0,0,0,0,0,0,0,0,0,0,0,0,1,64,1,31,1,16,1,64,1,31,1,0,1
204,77200,16,31,30.928955,,0,2,0,0,16933,481,411,60267,16,67,50,1,491,1,20,1,391,1,9198,1,531,1,49376,1,210,1,992,1,140,4,1914,4,1032,4,15099,4,29587,8,0,0,44276,24,40,1,60,1,30,1,0,0,0,0,0,0,0,0,0,0,0,0,0,1,64,1,31,1,16,1,64,1,31,1,0,1
205,76600,16,31,30.928978,,0,2,0,0,16594,431,421,60006,16,67,40,1,471,1,30,1,401,1,9208,1,551,1,49105,1,200,1,972,1,130,4,1934,4,1042,4,15019,4,29437,8,0,0,44035,24,40,1,60,1,40,1,0,0,0,0,0,0,0,0,0,0,0,0,0,1,64,1,31,1,16,1,64,1,31,1,0,1
206,77000,16,31,30.928999,,0,2,0,0,16863,461,472,60137,16,67,50,1,481,1,10,1,391,1,9188,1,521,1,49296,1,200,1,1012,1,160,4,1934,4,1022,4,15059,4,29517,8,0,0,44105,24,40,1,60,1,30,1,0,0,0,0,0,0,0,0,0,0,0,0,0,1,64,1,31,1,16,1,64,1,31,1,0,1
207,77000,16,31,30.929014,,0,2,0,0,16523,451,411,60477,16,67,30,1,481,1,30,1,391,1,9118,1,521,1,49686,1,220,1,992,1,250,4,1934,4,1102,4,15109,4,29728,8,0,0,44426,24,30,1,60,1,30,1,0,0,0,0,0,0,0,0,0,0,0,0,0,1,64,1,31,1,16,1,64,1,31,1,0,1
208,77300,16,31,30.92903,,0,2,0,0,16592,431,421,60708,16,67,40,1,481,1,30,1,401,1,9268,1,541,1,49736,1,210,1,1032,1,261,4,1924,4,1102,4,15119,4,29738,8,0,0,44436,24,40,1,60,1,30,1,0,0,0,0,0,0,0,0,0,0,0,0,0,1,64,1,31,1,16,1,64,1,31,1,0,1
209,80600,16,31,30.929045,,0,2,0,0,20503,431,411,60097,16,67,40,1,471,1,10,1,401,1,9178,1,521,1,49255,1,220,1,1012,1,140,4,1914,4,1042,4,15059,4,29527,8,0,0,44175,24,40,1,60,1,30,1,0,0,0,0,0,0,0,0,0,0,0,0,0,1,64,1,31,1,16,1,64,1,31,1,0,1
210,80200,16,31,30.92906,,0,2,0,0,18390,391,431,61810,16,67,20,1,481,1,10,1,441,1,10781,1,551,1,49296,1,230,1,1032,1,180,4,1944,4,1022,4,15060,4,29537,8,0,0,44165,24,30,1,70,1,30,1,0,0,0,0,0,0,0,0,0,0,0,0,0,1,64,1,31,1,16,1,64,1,31,1,0,1
211,77300,16,31,30.929075,,0,2,0,0,17193,431,411,60107,16,67,60,1,481,1,20,1,431,1,9178,1,541,1,49185,1,210,1,952,1,150,4,1924,4,1032,4,15029,4,29537,8,0,0,44155,24,40,1,60,1,30,1,0,0,0,0,0,0,0,0,0,0,0,0,0,1,64,1,31,1,16,1,64,1,31,1,0,1
212,79000,16,31,30.92909,,0,2,0,0,18292,361,421,60708,16,67,50,1,471,1,20,1,431,1,9138,1,591,1,49746,1,261,1,1002,1,261,4,1944,4,1082,4,15149,4,29768,8,0,0,44496,24,80,1,70,1,30,1,0,0,0,0,0,0,0,0,0,0,0,0,0,1,64,1,31,1,16,1,64,1,31,1,0,1
213,77400,16,31,30.929106,,0,2,0,0,16863,441,471,60537,16,67,50,1,481,1,20,1,401,1,9168,1,511,1,49626,1,281,1,1002,1,210,4,1934,4,1082,4,15079,4,29718,8,0,0,44326,24,30,1,100,1,30,1,0,0,0,0,0,0,0,0,0,0,0,0,0,1,64,1,31,1,16,1,64,1,31,1,0,1
214,76900,16,31,30.929121,,0,2,0,0,16844,411,401,60056,16,67,30,1,481,1,10,1,391,1,9158,1,531,1,49266,1,190,1,972,1,160,4,1934,4,1012,4,15079,4,29567,8,0,0,44245,24,40,1,60,1,30,1,0,0,0,0,0,0,0,0,0,0,0,0,0,1,64,1,31,1,16,1,64,1,31,1,0,1
215,77300,16,31,30.929136,,0,2,0,0,16812,451,401,60488,16,67,40,1,501,1,20,1,391,1,9098,1,511,1,49706,1,220,1,1012,1,261,4,1914,4,1092,4,15109,4,29738,8,0,0,44446,24,40,1,60,1,30,1,0,0,0,0,0,0,0,0,0,0,0,0,0,1,64,1,31,1,16,1,64,1,31,1,0,1
216,76900,16,31,30.929148,,0,2,0,0,16713,431,392,60187,16,67,50,1,511,1,20,1,391,1,9198,1,491,1,49316,1,210,1,942,1,190,4,1934,4,1082,4,15039,4,29557,8,0,0,44205,24,40,1,60,1,40,1,0,0,0,0,0,0,0,0,0,0,0,0,0,1,64,1,31,1,16,1,64,1,31,1,0,1
217,77000,16,31,30.929155,,0,2,0,0,16563,441,411,60437,16,67,50,1,481,1,10,1,391,1,9168,1,551,1,49576,1,210,1,1032,1,180,4,1944,4,1072,4,15069,4,29698,8,0,0,44356,24,30,1,70,1,40,1,0,0,0,0,0,0,0,0,0,0,0,0,0,1,64,1,31,1,16,1,64,1,31,1,0,1
218,76500,16,31,30.929163,,0,2,0,0,16494,441,461,60006,16,67,40,1,481,1,20,1,391,1,9178,1,551,1,49125,1,220,1,962,1,130,4,1914,4,1032,4,15029,4,29487,8,0,0,44055,24,30,1,70,1,30,1,0,0,0,0,0,0,0,0,0,0,0,0,0,1,64,1,31,1,16,1,64,1,31,1,0,1
219,76800,16,31,30.92917,,0,2,0,0,16683,441,431,60117,16,67,30,1,481,1,10,1,401,1,9058,1,531,1,49396,1,210,1,1012,1,160,4,1924,4,1032,4,15089,4,29617,8,0,0,44275,24,30,1,60,1,30,1,0,0,0,0,0,0,0,0,0,0,0,0,0,1,64,1,31,1,16,1,64,1,31,1,0,1
220,77300,16,31,30.929178,,0,2,0,0,16803,441,451,60497,16,67,50,1,481,1,30,1,381,1,9138,1,571,1,49636,1,210,1,992,1,230,4,1914,4,1072,4,15139,4,29657,8,0,0,44345,24,70,1,80,1,40,1,0,0,0,0,0,0,0,0,0,0,0,0,0,1,64,1,31,1,16,1,64,1,31,1,0,1
221,76900,16,31,30.929186,,0,2,0,0,16563,471,492,60337,16,67,50,1,481,1,30,1,401,1,9148,1,561,1,49466,1,200,1,1052,1,160,4,1954,4,1022,4,15079,4,29607,8,0,0,44195,24,30,1,60,1,30,1,0,0,0,0,0,0,0,0,0,0,0,0,0,1,64,1,31,1,16,1,64,1,31,1,0,1
222,77000,16,31,30.929193,,0,2,0,0,16673,451,381,60327,16,67,30,1,471,1,20,1,391,1,9158,1,521,1,49536,1,200,1,1002,1,190,4,1944,4,1012,4,15089,4,29707,8,0,0,44415,24,40,1,70,1,30,1,0,0,0,0,0,0,0,0,0,0,0,0,0,1,64,1,31,1,16,1,64,1,31,1,0,1
223,80800,16,31,30.929201,,0,2,0,0,20413,451,392,60387,16,67,50,1,471,1,10,1,391,1,9138,1,541,1,49476,1,311,1,1002,1,421,4,1934,4,1032,4,15039,4,29467,8,0,0,44115,24,30,1,60,1,40,1,0,0,0,0,0,0,0,0,0,0,0,0,0,1,64,1,31,1,16,1,64,1,31,1,0,1
224,108400,16,31,30.929209,,0,2,0,0,23435,832,581,84965,16,67,200,1,1062,1,50,1,802,1,17554,1,1463,1,63473,1,361,1,1934,1,261,4,2625,4,1533,4,19077,4,36902,8,0,0,55397,24,80,1,150,1,80,1,0,0,0,0,0,0,0,0,0,0,0,0,0,1,64,1,31,1,16,1,64,1,31,1,0,1
225,84100,16,31,30.929216,,0,2,0,0,21138,501,411,62962,16,67,40,1,691,1,40,1,481,1,10560,1,812,1,49987,1,351,1,1363,1,180,4,1974,4,1112,4,15119,4,29517,8,0,0,44225,24,60,1,80,1,80,1,0,0,0,0,0,0,0,0,0,0,0,0,0,1,64,1,31,1,16,1,64,1,31,1,0,1
226,79000,16,31,30.929224,,0,2,0,0,18182,462,421,60818,16,67,30,1,491,1,20,1,421,1,9438,1,641,1,49556,1,220,1,1002,1,210,4,1914,4,1042,4,15119,4,29627,8,0,0,44326,24,80,1,70,1,30,1,0,0,0,0,0,0,0,0,0,0,0,0,0,1,64,1,31,1,16,1,64,1,31,1,0,1
227,78000,16,31,30.929232,,0,2,0,0,16841,461,421,61159,16,67,30,1,491,1,20,1,401,1,9398,1,501,1,50107,1,210,1,1012,1,240,4,1944,4,1082,4,15250,4,29958,8,0,0,44787,24,70,1,60,1,30,1,0,0,0,0,0,0,0,0,0,0,0,0,0,1,64,1,31,1,16,1,64,1,31,1,0,1
228,78400,16,31,30.92924,,0,2,0,0,17552,421,410,60848,16,67,50,1,481,1,30,1,391,1,9188,1,541,1,49917,1,250,1,992,1,261,4,1924,4,1072,4,15189,4,29878,8,0,0,44657,24,70,1,80,1,30,1,0,0,0,0,0,0,0,0,0,0,0,0,0,1,64,1,31,1,16,1,64,1,31,1,0,1
229,81900,16,31,30.929247,,0,2,0,0,17324,461,371,64576,16,67,30,1,511,1,20,1,401,1,9238,1,551,1,53614,1,210,1,982,1,180,4,1934,4,1062,4,15139,4,33725,8,0,0,48494,24,30,1,70,1,30,1,0,0,0,0,0,0,0,0,0,0,0,0,0,1,64,1,31,1,16,1,64,1,31,1,0,1
230,78700,16,31,30.929255,,0,2,0,0,17501,421,401,61199,16,67,30,1,481,1,10,1,391,1,9669,1,521,1,49867,1,230,1,1022,1,170,4,1954,4,1042,4,15189,4,29888,8,0,0,44677,24,30,1,110,1,40,1,0,0,0,0,0,0,0,0,0,0,0,0,0,1,64,1,31,1,16,1,64,1,31,1,0,1
231,77700,16,31,30.929262,,0,2,0,0,16742,431,391,60958,16,67,30,1,481,1,20,1,391,1,9458,1,491,1,49887,1,200,1,982,1,250,4,1924,4,1052,4,15189,4,29928,8,0,0,44726,24,30,1,70,1,30,1,0,0,0,0,0,0,0,0,0,0,0,0,0,1,64,1,31,1,16,1,64,1,31,1,0,1
232,77800,16,31,30.92927,,0,2,0,0,17092,431,391,60708,16,67,60,1,501,1,20,1,401,1,9258,1,561,1,49706,1,200,1,1032,1,190,4,1954,4,1072,4,15159,4,29738,8,0,0,44506,24,30,1,70,1,30,1,0,0,0,0,0,0,0,0,0,0,0,0,0,1,64,1,31,1,16,1,64,1,31,1,0,1
233,77200,16,31,30.929277,,0,2,0,0,16452,451,371,60748,16,67,40,1,511,1,20,1,401,1,9218,1,541,1,49787,1,230,1,992,1,200,4,1924,4,1102,4,15119,4,29878,8,0,0,44626,24,20,1,60,1,40,1,0,0,0,0,0,0,0,0,0,0,0,0,0,1,64,1,31,1,16,1,64,1,31,1,0,1
234,76800,16,31,30.929285,,0,2,0,0,16373,451,431,60427,16,67,40,1,511,1,20,1,391,1,9218,1,501,1,49546,1,200,1,1052,1,160,4,1944,4,1012,4,15129,4,29688,8,0,0,44385,24,20,1,60,1,30,1,0,0,0,0,0,0,0,0,0,0,0,0,0,1,64,1,31,1,16,1,64,1,31,1,0,1
235,77300,16,31,30.929293,,0,2,0,0,16382,451,382,60918,16,67,50,1,501,1,20,1,401,1,9288,1,501,1,49947,1,210,1,972,1,240,4,1944,4,1072,4,15199,4,29898,8,0,0,44716,24,70,1,60,1,40,1,0,0,0,0,0,0,0,0,0,0,0,0,0,1,64,1,31,1,16,1,64,1,31,1,0,1
236,77900,16,31,30.929293,,0,2,0,0,17152,471,411,60748,16,67,40,1,481,1,10,1,391,1,9228,1,541,1,49827,1,230,1,1022,1,230,4,1914,4,1052,4,15149,4,29868,8,0,0,44606,24,30,1,60,1,30,1,0,0,0,0,0,0,0,0,0,0,0,0,0,1,64,1,31,1,16,1,64,1,31,1,0,1
237,77400,16,31,30.929293,,0,2,0,0,16572,501,391,60828,16,67,40,1,511,1,20,1,401,1,9308,1,541,1,49787,1,220,1,1012,1,170,4,1964,4,1062,4,15139,4,29818,8,0,0,44566,24,30,1,60,1,30,1,0,0,0,0,0,0,0,0,0,0,0,0,0,1,64,1,31,1,16,1,64,1,31,1,0,1
238,77300,16,31,30.929293,,0,2,0,0,16823,421,401,60477,16,67,40,1,511,1,10,1,401,1,9138,1,541,1,49606,1,230,1,1062,1,240,4,1934,4,1032,4,15079,4,29678,8,0,0,44356,24,40,1,90,1,30,1,0,0,0,0,0,0,0,0,0,0,0,0,0,1,64,1,31,1,16,1,64,1,31,1,0,1
239,76800,16,31,30.929293,,0,2,0,0,16613,421,441,60187,16,67,40,1,481,1,20,1,401,1,9178,1,511,1,49346,1,210,1,1032,1,190,4,1984,4,1042,4,15039,4,29517,8,0,0,44116,24,30,1,60,1,30,1,0,0,0,0,0,0,0,0,0,0,0,0,0,1,64,1,31,1,16,1,64,1,31,1,0,1
240,77200,16,31,30.929293,,0,2,0,0,16693,431,431,60507,16,67,40,1,461,1,10,1,391,1,9198,1,521,1,49626,1,261,1,1002,1,230,4,1934,4,1102,4,15109,4,29688,8,0,0,44366,24,20,1,80,1,30,1,0,0,0,0,0,0,0,0,0,0,0,0,0,1,64,1,31,1,16,1,64,1,31,1,0,1
241,79400,16,31,30.929293,,0,2,0,0,19203,431,401,60197,16,67,40,1,481,1,10,1,401,1,9198,1,541,1,49286,1,240,1,1022,1,170,4,1944,4,1032,4,15059,4,29507,8,0,0,44165,24,30,1,60,1,30,1,0,0,0,0,0,0,0,0,0,0,0,0,0,1,64,1,31,1,16,1,64,1,31,1,0,1
242,77200,16,31,30.929296,,0,2,0,0,17053,441,411,60147,16,67,40,1,481,1,20,1,401,1,9178,1,541,1,49286,1,200,1,1022,1,140,4,1904,4,1032,4,15069,4,29547,8,0,0,44206,24,40,1,60,1,30,1,0,0,0,0,0,0,0,0,0,0,0,0,0,1,64,1,31,1,16,1,64,1,31,1,0,1
243,76600,16,31,30.929296,,0,2,0,0,16624,441,391,59976,16,67,40,1,471,1,10,1,401,1,9218,1,521,1,49105,1,210,1,982,1,110,4,1944,4,1022,4,15039,4,29437,8,0,0,44085,24,40,1,60,1,30,1,0,0,0,0,0,0,0,0,0,0,0,0,0,1,64,1,31,1,16,1,64,1,31,1,0,1
244,77400,16,31,30.929296,,0,2,0,0,17424,421,401,59976,16,67,30,1,491,1,20,1,391,1,9098,1,531,1,49205,1,210,1,1022,1,160,4,1944,4,1032,4,15039,4,29477,8,0,0,44115,24,20,1,60,1,30,1,0,0,0,0,0,0,0,0,0,0,0,0,0,1,64,1,31,1,16,1,64,1,31,1,0,1
245,79800,16,31,30.929302,,0,2,0,0,19543,411,361,60257,16,67,40,1,521,1,30,1,401,1,9098,1,541,1,49386,1,240,1,1032,1,180,4,1914,4,1072,4,15039,4,29607,8,0,0,44286,24,30,1,70,1,30,1,0,0,0,0,0,0,0,0,0,0,0,0,0,1,64,1,31,1,16,1,64,1,31,1,0,1
246,79500,16,31,30.929302,,0,2,0,0,19353,381,401,60147,16,67,40,1,491,1,30,1,401,1,9208,1,551,1,49225,1,200,1,1052,1,150,4,1924,4,1022,4,15089,4,29477,8,0,0,44165,24,40,1,60,1,30,1,0,0,0,0,0,0,0,0,0,0,0,0,0,1,64,1,31,1,16,1,64,1,31,1,0,1
247,77800,16,31,30.929302,,0,2,0,0,17453,391,381,60347,16,67,50,1,501,1,20,1,391,1,9208,1,501,1,49456,1,220,1,952,1,200,4,1934,4,1062,4,15090,4,29697,8,0,0,44405,24,30,1,70,1,30,1,0,0,0,0,0,0,0,0,0,0,0,0,0,1,64,1,31,1,16,1,64,1,31,1,0,1
248,77000,16,31,30.929302,,0,2,0,0,16543,431,381,60457,16,67,40,1,481,1,10,1,401,1,9188,1,511,1,49626,1,200,1,1022,1,271,4,1944,4,1112,4,15059,4,29657,8,0,0,44336,24,30,1,70,1,30,1,0,0,0,0,0,0,0,0,0,0,0,0,0,1,64,1,31,1,16,1,64,1,31,1,0,1
249,77200,16,31,30.929302,,0,2,0,0,16963,431,372,60237,16,67,40,1,511,1,20,1,401,1,9178,1,521,1,49336,1,230,1,972,1,190,4,1944,4,1052,4,15059,4,29577,8,0,0,44265,24,20,1,60,1,30,1,0,0,0,0,0,0,0,0,0,0,0,0,0,1,64,1,31,1,16,1,64,1,31,1,0,1
250,76900,16,31,30.929302,,0,2,0,0,16643,441,411,60257,16,67,30,1,481,1,20,1,401,1,9248,1,511,1,49356,1,210,1,962,1,170,4,1954,4,1052,4,15069,4,29547,8,0,0,44206,24,70,1,60,1,30,1,0,0,0,0,0,0,0,0,0,0,0,0,0,1,64,1,31,1,16,1,64,1,31,1,0,1
251,77800,16,31,30.929302,,0,2,0,0,17342,461,411,60458,16,67,40,1,481,1,10,1,401,1,9198,1,511,1,49586,1,230,1,1002,1,230,4,1914,4,1022,4,15089,4,29708,8,0,0,44386,24,50,1,60,1,50,1,0,0,0,0,0,0,0,0,0,0,0,0,0,1,64,1,31,1,16,1,64,1,31,1,0,1
252,77300,16,31,30.929302,,0,2,0,0,16843,491,521,60457,16,67,40,1,471,1,10,1,401,1,9208,1,601,1,49516,1,210,1,1052,1,140,4,1914,4,1042,4,15109,4,29637,8,0,0,44225,24,40,1,60,1,30,1,0,0,0,0,0,0,0,0,0,0,0,0,0,1,64,1,31,1,16,1,64,1,31,1,0,1
253,77400,16,31,30.929302,,0,2,0,0,17033,451,401,60367,16,67,40,1,471,1,10,1,391,1,9188,1,521,1,49546,1,200,1,1002,1,180,4,1944,4,1052,4,15089,4,29708,8,0,0,44396,24,30,1,60,1,30,1,0,0,0,0,0,0,0,0,0,0,0,0,0,1,64,1,31,1,16,1,64,1,31,1,0,1
254,77100,16,31,30.929302,,0,2,0,0,16923,491,371,60177,16,67,30,1,471,1,10,1,391,1,9088,1,521,1,49466,1,200,1,982,1,180,4,1914,4,1012,4,15089,4,29678,8,0,0,44395,24,30,1,60,1,30,1,0,0,0,0,0,0,0,0,0,0,0,0,0,1,64,1,31,1,16,1,64,1,31,1,0,1
255,77400,16,31,30.929302,,0,2,0,0,16933,431,411,60467,16,67,40,1,501,1,20,1,401,1,9048,1,551,1,49696,1,210,1,972,1,240,4,1954,4,1102,4,15119,4,29758,8,0,0,44466,24,30,1,60,1,30,1,0,0,0,0,0,0,0,0,0,0,0,0,0,1,64,1,31,1,16,1,64,1,31,1,0,1
256,77200,16,31,30.929302,,0,2,0,0,16372,431,391,60828,16,67,40,1,471,1,10,1,391,1,9538,1,531,1,49646,1,200,1,972,1,261,4,1934,4,1102,4,15099,4,29718,8,0,0,44426,24,40,1,60,1,30,1,0,0,0,0,0,0,0,0,0,0,0,0,0,1,64,1,31,1,16,1,64,1,31,1,0,1
257,76700,16,31,30.929302,,0,2,0,0,16353,441,402,60347,16,67,60,1,461,1,10,1,391,1,9448,1,521,1,49255,1,200,1,1012,1,170,4,1934,4,1032,4,15089,4,29457,8,0,0,44145,24,30,1,60,1,30,1,0,0,0,0,0,0,0,0,0,0,0,0,0,1,64,1,31,1,16,1,64,1,31,1,0,1
258,78000,16,31,30.929302,,0,2,0,0,17132,451,362,60868,16,67,50,1,491,1,20,1,391,1,9398,1,511,1,49797,1,210,1,982,1,190,4,1944,4,1042,4,15169,4,29868,8,0,0,44675,24,50,1,60,1,40,1,0,0,0,0,0,0,0,0,0,0,0,0,0,1,64,1,31,1,16,1,64,1,31,1,0,1
259,77300,16,31,30.929302,,0,2,0,0,16743,381,391,60557,16,67,40,1,481,1,10,1,401,1,9358,1,501,1,49546,1,220,1,982,1,220,4,1954,4,1062,4,15099,4,29718,8,0,0,44426,24,30,1,70,1,30,1,0,0,0,0,0,0,0,0,0,0,0,0,0,1,64,1,31,1,16,1,64,1,31,1,0,1
260,76600,16,31,30.929302,,0,2,0,0,16483,401,392,60117,16,67,20,1,481,1,10,1,401,1,9358,1,501,1,49115,1,230,1,992,1,140,4,1944,4,1032,4,15019,4,29447,8,0,0,44075,24,30,1,60,1,50,1,0,0,0,0,0,0,0,0,0,0,0,0,0,1,64,1,31,1,16,1,64,1,31,1,0,1
261,77400,16,31,30.929302,,0,2,0,0,16642,461,431,60758,16,67,40,1,481,1,20,1,401,1,9398,1,521,1,49686,1,210,1,962,1,190,4,1954,4,1052,4,15109,4,29788,8,0,0,44466,24,40,1,100,1,30,1,0,0,0,0,0,0,0,0,0,0,0,0,0,1,64,1,31,1,16,1,64,1,31,1,0,1
262,77500,16,31,30.929302,,0,2,0,0,16852,501,382,60648,16,67,30,1,471,1,20,1,391,1,9468,1,501,1,49556,1,210,1,1022,1,160,4,1964,4,1012,4,15149,4,29627,8,0,0,44395,24,30,1,60,1,30,1,0,0,0,0,0,0,0,0,0,0,0,0,0,1,64,1,31,1,16,1,64,1,31,1,0,1
263,77700,16,31,30.929302,,0,2,0,0,16742,431,401,60958,16,67,40,1,471,1,20,1,411,1,9348,1,531,1,49927,1,210,1,982,1,261,4,1974,4,1102,4,15189,4,29858,8,0,0,44646,24,40,1,60,1,30,1,0,0,0,0,0,0,0,0,0,0,0,0,0,1,64,1,31,1,16,1,64,1,31,1,0,1
264,77800,16,31,30.929302,,0,2,0,0,16882,471,392,60918,16,67,30,1,501,1,20,1,401,1,9398,1,511,1,49847,1,210,1,982,1,250,4,1914,4,1082,4,15180,4,29828,8,0,0,44615,24,30,1,70,1,40,1,0,0,0,0,0,0,0,0,0,0,0,0,0,1,64,1,31,1,16,1,64,1,31,1,0,1
265,77700,16,31,30.929302,,0,2,0,0,16912,431,411,60788,16,67,30,1,481,1,10,1,391,1,9448,1,531,1,49666,1,230,1,1012,1,190,4,1954,4,1032,4,15109,4,29808,8,0,0,44506,24,30,1,70,1,30,1,0,0,0,0,0,0,0,0,0,0,0,0,0,1,64,1,31,1,16,1,64,1,31,1,0,1
266,77600,16,31,30.929302,,0,2,0,0,16742,451,411,60858,16,67,50,1,471,1,10,1,401,1,9388,1,501,1,49827,1,210,1,1022,1,200,4,1924,4,1042,4,15159,4,29878,8,0,0,44626,24,40,1,60,1,50,1,0,0,0,0,0,0,0,0,0,0,0,0,0,1,64,1,31,1,16,1,64,1,31,1,0,1
267,77600,16,31,30.929302,,0,2,0,0,16782,471,422,60818,16,67,40,1,471,1,10,1,391,1,9408,1,531,1,49716,1,250,1,982,1,190,4,1974,4,1022,4,15190,4,29758,8,0,0,44526,24,40,1,60,1,30,1,0,0,0,0,0,0,0,0,0,0,0,0,0,1,64,1,31,1,16,1,64,1,31,1,0,1
268,77800,16,31,30.929302,,0,2,0,0,16712,491,402,61088,16,67,30,1,481,1,20,1,401,1,9498,1,511,1,49937,1,210,1,1032,1,220,4,1944,4,1072,4,15169,4,29838,8,0,0,44606,24,70,1,60,1,40,1,0,0,0,0,0,0,0,0,0,0,0,0,0,1,64,1,31,1,16,1,64,1,31,1,0,1
269,77100,16,31,30.929302,,0,2,0,0,16603,451,412,60497,16,67,40,1,481,1,20,1,401,1,9438,1,501,1,49416,1,200,1,992,1,130,4,1934,4,1042,4,15120,4,29627,8,0,0,44335,24,30,1,60,1,30,1,0,0,0,0,0,0,0,0,0,0,0,0,0,1,64,1,31,1,16,1,64,1,31,1,0,1
270,77500,16,31,30.929302,,0,2,0,0,16923,431,411,60577,16,67,40,1,481,1,20,1,401,1,9438,1,501,1,49496,1,200,1,982,1,160,4,1934,4,1042,4,15149,4,29668,8,0,0,44406,24,40,1,60,1,30,1,0,0,0,0,0,0,0,0,0,0,0,0,0,1,64,1,31,1,16,1,64,1,31,1,0,1
271,77100,16,31,30.929304,,0,2,0,0,16312,411,501,60788,16,67,50,1,501,1,10,1,401,1,9458,1,511,1,49646,1,210,1,992,1,150,4,1944,4,1052,4,15220,4,29748,8,0,0,44466,24,30,1,60,1,40,1,0,0,0,0,0,0,0,0,0,0,0,0,0,1,64,1,31,1,16,1,64,1,31,1,0,1
272,77000,16,31,30.929312,,0,2,0,0,16473,451,391,60527,16,67,40,1,481,1,10,1,401,1,9438,1,521,1,49436,1,200,1,1032,1,130,4,1924,4,1012,4,15129,4,29627,8,0,0,44366,24,40,1,60,1,30,1,0,0,0,0,0,0,0,0,0,0,0,0,0,1,64,1,31,1,16,1,64,1,31,1,0,1
273,77100,16,31,30.929312,,0,2,0,0,16442,451,422,60658,16,67,50,1,491,1,10,1,391,1,9318,1,551,1,49616,1,230,1,1012,1,160,4,1923,4,1022,4,15169,4,29748,8,0,0,44495,24,30,1,70,1,30,1,0,0,0,0,0,0,0,0,0,0,0,0,0,1,64,1,31,1,16,1,64,1,31,1,0,1
274,77100,16,31,30.92932,,0,2,0,0,16462,431,391,60638,16,67,50,1,451,1,10,1,401,1,9378,1,521,1,49626,1,200,1,1012,1,140,4,1943,4,1032,4,15159,4,29778,8,0,0,44546,24,30,1,70,1,30,1,0,0,0,0,0,0,0,0,0,0,0,0,0,1,64,1,31,1,16,1,64,1,31,1,0,1
275,77100,16,31,30.929321,,0,2,0,0,16472,441,381,60628,16,67,50,1,491,1,20,1,471,1,9428,1,521,1,49436,1,210,1,1002,1,160,4,1944,4,1042,4,15129,4,29587,8,0,0,44336,24,40,1,60,1,30,1,0,0,0,0,0,0,0,0,0,0,0,0,0,1,64,1,31,1,16,1,64,1,31,1,0,1
276,77600,16,31,30.929329,,0,2,0,0,16461,421,401,61139,16,67,60,1,491,1,20,1,401,1,9438,1,561,1,49967,1,200,1,1042,1,240,4,1944,4,1072,4,15220,4,29858,8,0,0,44676,24,70,1,70,1,30,1,0,0,0,0,0,0,0,0,0,0,0,0,0,1,64,1,31,1,16,1,64,1,31,1,0,1
277,77600,16,31,30.929329,,0,2,0,0,16862,471,391,60738,16,67,40,1,491,1,10,1,401,1,9358,1,501,1,49736,1,200,1,1052,1,170,4,1974,4,1072,4,15139,4,29728,8,0,0,44476,24,30,1,70,1,30,1,0,0,0,0,0,0,0,0,0,0,0,0,0,1,64,1,31,1,16,1,64,1,31,1,0,1
278,77600,16,31,30.929329,,0,2,0,0,16782,461,431,60818,16,67,40,1,491,1,20,1,391,1,9338,1,521,1,49817,1,200,1,972,1,220,4,1964,4,1022,4,15159,4,29858,8,0,0,44586,24,30,1,100,1,30,1,0,0,0,0,0,0,0,0,0,0,0,0,0,1,64,1,31,1,16,1,64,1,31,1,0,1
279,77800,16,31,30.929329,,0,2,0,0,16682,422,421,61118,16,67,40,1,481,1,20,1,391,1,9418,1,511,1,50047,1,210,1,1022,1,261,4,1933,4,1112,4,15199,4,29968,8,0,0,44746,24,30,1,70,1,30,1,0,0,0,0,0,0,0,0,0,0,0,0,0,1,64,1,31,1,16,1,64,1,31,1,0,1
280,83400,16,31,30.929329,,0,2,0,0,22041,371,371,61359,16,67,30,1,481,1,10,1,401,1,9488,1,972,1,49756,1,220,1,1373,1,150,4,1944,4,1032,4,15129,4,29627,8,0,0,44385,24,40,1,60,1,30,1,0,0,0,0,0,0,0,0,0,0,0,0,0,1,64,1,31,1,16,1,64,1,31,1,0,1
281,102200,16,31,30.929329,,0,2,0,0,19369,671,481,82831,16,67,160,1,942,1,80,1,802,1,16762,1,1212,1,62521,1,351,1,1613,1,240,4,2495,4,1333,4,18967,4,36922,8,0,0,55407,24,80,1,140,1,60,1,0,0,0,0,0,0,0,0,0,0,0,0,0,1,64,1,31,1,16,1,64,1,31,1,0,1
282,83000,16,31,30.929329,,0,2,0,0,20519,501,352,62481,16,67,20,1,822,1,30,1,481,1,10060,1,812,1,49957,1,301,1,1323,1,180,4,1974,4,1072,4,15100,4,29637,8,0,0,44385,24,60,1,80,1,30,1,0,0,0,0,0,0,0,0,0,0,0,0,0,1,64,1,31,1,16,1,64,1,31,1,0,1
283,81100,16,31,30.929329,,0,2,0,0,20472,501,441,60628,16,67,50,1,521,1,10,1,411,1,9408,1,551,1,49466,1,210,1,972,1,150,4,1924,4,1032,4,15099,4,29657,8,0,0,44316,24,30,1,70,1,30,1,0,0,0,0,0,0,0,0,0,0,0,0,0,1,64,1,31,1,16,1,64,1,31,1,0,1
284,78100,16,31,30.929329,,0,2,0,0,17212,411,411,60888,16,67,40,1,531,1,30,1,401,1,9458,1,581,1,49636,1,210,1,992,1,180,4,1924,4,1042,4,15169,4,29788,8,0,0,44546,24,30,1,60,1,40,1,0,0,0,0,0,0,0,0,0,0,0,0,0,1,64,1,31,1,16,1,64,1,31,1,0,1
285,77300,16,31,30.929329,,0,2,0,0,16672,391,451,60628,16,67,40,1,491,1,10,1,401,1,9408,1,561,1,49506,1,210,1,1002,1,160,4,1974,4,1042,4,15139,4,29668,8,0,0,44356,24,30,1,70,1,30,1,0,0,0,0,0,0,0,0,0,0,0,0,0,1,64,1,31,1,16,1,64,1,31,1,0,1
286,77600,16,31,30.929329,,0,2,0,0,16902,441,451,60698,16,67,20,1,491,1,20,1,401,1,9498,1,501,1,49556,1,210,1,1012,1,180,4,1974,4,1052,4,15139,4,29627,8,0,0,44316,24,40,1,60,1,30,1,0,0,0,0,0,0,0,0,0,0,0,0,0,1,64,1,31,1,16,1,64,1,31,1,0,1
287,77800,16,31,30.929329,,0,2,0,0,16872,461,372,60928,16,67,30,1,471,1,20,1,401,1,9348,1,521,1,49937,1,200,1,1042,1,250,4,1974,4,1112,4,15170,4,29818,8,0,0,44616,24,20,1,60,1,30,1,0,0,0,0,0,0,0,0,0,0,0,0,0,1,64,1,31,1,16,1,64,1,31,1,0,1
288,77500,16,31,30.929329,,0,2,0,0,16582,410,392,60918,16,67,40,1,461,1,30,1,401,1,9468,1,531,1,49787,1,200,1,1022,1,271,4,1964,4,1062,4,15170,4,29758,8,0,0,44536,24,40,1,60,1,30,1,0,0,0,0,0,0,0,0,0,0,0,0,0,1,64,1,31,1,16,1,64,1,31,1,0,1
289,77700,16,31,30.929329,,0,2,0,0,16541,471,401,61159,16,67,40,1,511,1,20,1,411,1,9418,1,531,1,50027,1,200,1,1012,1,170,4,1974,4,1092,4,15169,4,29988,8,0,0,44756,24,30,1,90,1,30,1,0,0,0,0,0,0,0,0,0,0,0,0,0,1,64,1,31,1,16,1,64,1,31,1,0,1
290,77300,16,31,30.929329,,0,2,0,0,16642,501,342,60658,16,67,50,1,471,1,10,1,391,1,9388,1,571,1,49566,1,210,1,982,1,170,4,1934,4,1052,4,15120,4,29678,8,0,0,44455,24,30,1,60,1,40,1,0,0,0,0,0,0,0,0,0,0,0,0,0,1,64,1,31,1,16,1,64,1,31,1,0,1
291,78000,16,31,30.929329,,0,2,0,0,16902,451,421,61098,16,67,40,1,501,1,20,1,391,1,9428,1,531,1,49987,1,200,1,1032,1,230,4,1924,4,1072,4,15189,4,29918,8,0,0,44687,24,70,1,60,1,40,1,0,0,0,0,0,0,0,0,0,0,0,0,0,1,64,1,31,1,16,1,64,1,31,1,0,1
292,77700,16,31,30.929329,,0,2,0,0,16622,471,431,61078,16,67,30,1,461,1,20,1,401,1,9458,1,561,1,49947,1,200,1,1052,1,200,4,1924,4,1082,4,15220,4,29838,8,0,0,44627,24,70,1,60,1,30,1,0,0,0,0,0,0,0,0,0,0,0,0,0,1,64,1,31,1,16,1,64,1,31,1,0,1
293,77300,16,31,30.929329,,0,2,0,0,16602,471,391,60698,16,67,30,1,481,1,20,1,401,1,9388,1,531,1,49636,1,210,1,1002,1,170,4,1944,4,1062,4,15139,4,29738,8,0,0,44486,24,30,1,60,1,20,1,0,0,0,0,0,0,0,0,0,0,0,0,0,1,64,1,31,1,16,1,64,1,31,1,0,1
294,77600,16,31,30.929329,,0,2,0,0,16441,461,361,61159,16,67,50,1,481,1,20,1,401,1,9398,1,571,1,50027,1,210,1,1042,1,220,4,1924,4,1032,4,15189,4,29988,8,0,0,44816,24,40,1,100,1,30,1,0,0,0,0,0,0,0,0,0,0,0,0,0,1,64,1,31,1,16,1,64,1,31,1,0,1
295,76800,16,31,30.929329,,0,2,0,0,16273,451,422,60527,16,67,30,1,471,1,20,1,401,1,9398,1,551,1,49446,1,210,1,982,1,180,4,1934,4,1012,4,15139,4,29617,8,0,0,44335,24,40,1,60,1,30,1,0,0,0,0,0,0,0,0,0,0,0,0,0,1,64,1,31,1,16,1,64,1,31,1,0,1
296,77000,16,31,30.929329,,0,2,0,0,16693,431,391,60307,16,67,50,1,461,1,20,1,391,1,9428,1,561,1,49195,1,200,1,992,1,170,4,1934,4,1032,4,15059,4,29447,8,0,0,44115,24,30,1,70,1,30,1,0,0,0,0,0,0,0,0,0,0,0,0,0,1,64,1,31,1,16,1,64,1,31,1,0,1
297,76900,16,31,30.929337,,0,2,0,0,16433,451,412,60467,16,67,30,1,481,1,20,1,391,1,9378,1,551,1,49406,1,210,1,972,1,170,4,1924,4,1102,4,15019,4,29627,8,0,0,44234,24,30,1,70,1,40,1,0,0,0,0,0,0,0,0,0,0,0,0,0,1,64,1,31,1,16,1,64,1,31,1,0,1
298,80900,16,31,30.929337,,0,2,0,0,20342,471,401,60558,16,67,30,1,521,1,20,1,401,1,9368,1,551,1,49476,1,190,1,992,1,190,4,1944,4,1022,4,15129,4,29608,8,0,0,44336,24,30,1,60,1,30,1,0,0,0,0,0,0,0,0,0,0,0,0,0,1,64,1,31,1,16,1,64,1,31,1,0,1
299,78200,16,31,30.929337,,0,2,0,0,17112,531,392,61088,16,67,30,1,481,1,10,1,401,1,9478,1,561,1,49917,1,210,1,1032,1,220,4,1954,4,1062,4,15139,4,29798,8,0,0,44545,24,80,1,60,1,40,1,0,0,0,0,0,0,0,0,0,0,0,0,0,1,64,1,31,1,16,1,64,1,31,1,0,1
